[2025-04-30T23:03:35.357+0000] {processor.py:157} INFO - Started process (PID=170) to work on /opt/airflow/dags/weather_etl_dag.py
[2025-04-30T23:03:35.359+0000] {processor.py:829} INFO - Processing file /opt/airflow/dags/weather_etl_dag.py for tasks to queue
[2025-04-30T23:03:35.360+0000] {logging_mixin.py:151} INFO - [2025-04-30T23:03:35.359+0000] {dagbag.py:539} INFO - Filling up the DagBag from /opt/airflow/dags/weather_etl_dag.py
[2025-04-30T23:03:35.372+0000] {logging_mixin.py:151} INFO - [2025-04-30T23:03:35.369+0000] {dagbag.py:347} ERROR - Failed to import: /opt/airflow/dags/weather_etl_dag.py
Traceback (most recent call last):
  File "/home/airflow/.local/lib/python3.8/site-packages/airflow/models/dagbag.py", line 343, in parse
    loader.exec_module(new_module)
  File "<frozen importlib._bootstrap_external>", line 843, in exec_module
  File "<frozen importlib._bootstrap>", line 219, in _call_with_frames_removed
  File "/opt/airflow/dags/weather_etl_dag.py", line 10, in <module>
    from etl.extractors.inmet_extractor import INMETExtractor
ModuleNotFoundError: No module named 'etl'
[2025-04-30T23:03:35.373+0000] {processor.py:841} WARNING - No viable dags retrieved from /opt/airflow/dags/weather_etl_dag.py
[2025-04-30T23:03:35.417+0000] {processor.py:179} INFO - Processing /opt/airflow/dags/weather_etl_dag.py took 0.065 seconds
[2025-04-30T23:04:05.640+0000] {processor.py:157} INFO - Started process (PID=176) to work on /opt/airflow/dags/weather_etl_dag.py
[2025-04-30T23:04:05.641+0000] {processor.py:829} INFO - Processing file /opt/airflow/dags/weather_etl_dag.py for tasks to queue
[2025-04-30T23:04:05.642+0000] {logging_mixin.py:151} INFO - [2025-04-30T23:04:05.642+0000] {dagbag.py:539} INFO - Filling up the DagBag from /opt/airflow/dags/weather_etl_dag.py
[2025-04-30T23:04:05.648+0000] {logging_mixin.py:151} INFO - [2025-04-30T23:04:05.647+0000] {dagbag.py:347} ERROR - Failed to import: /opt/airflow/dags/weather_etl_dag.py
Traceback (most recent call last):
  File "/home/airflow/.local/lib/python3.8/site-packages/airflow/models/dagbag.py", line 343, in parse
    loader.exec_module(new_module)
  File "<frozen importlib._bootstrap_external>", line 843, in exec_module
  File "<frozen importlib._bootstrap>", line 219, in _call_with_frames_removed
  File "/opt/airflow/dags/weather_etl_dag.py", line 10, in <module>
    from etl.extractors.inmet_extractor import INMETExtractor
ModuleNotFoundError: No module named 'etl'
[2025-04-30T23:04:05.648+0000] {processor.py:841} WARNING - No viable dags retrieved from /opt/airflow/dags/weather_etl_dag.py
[2025-04-30T23:04:05.672+0000] {processor.py:179} INFO - Processing /opt/airflow/dags/weather_etl_dag.py took 0.037 seconds
[2025-04-30T23:04:35.832+0000] {processor.py:157} INFO - Started process (PID=181) to work on /opt/airflow/dags/weather_etl_dag.py
[2025-04-30T23:04:35.832+0000] {processor.py:829} INFO - Processing file /opt/airflow/dags/weather_etl_dag.py for tasks to queue
[2025-04-30T23:04:35.833+0000] {logging_mixin.py:151} INFO - [2025-04-30T23:04:35.833+0000] {dagbag.py:539} INFO - Filling up the DagBag from /opt/airflow/dags/weather_etl_dag.py
[2025-04-30T23:04:35.838+0000] {logging_mixin.py:151} INFO - [2025-04-30T23:04:35.836+0000] {dagbag.py:347} ERROR - Failed to import: /opt/airflow/dags/weather_etl_dag.py
Traceback (most recent call last):
  File "/home/airflow/.local/lib/python3.8/site-packages/airflow/models/dagbag.py", line 343, in parse
    loader.exec_module(new_module)
  File "<frozen importlib._bootstrap_external>", line 843, in exec_module
  File "<frozen importlib._bootstrap>", line 219, in _call_with_frames_removed
  File "/opt/airflow/dags/weather_etl_dag.py", line 10, in <module>
    from etl.extractors.inmet_extractor import INMETExtractor
ModuleNotFoundError: No module named 'etl'
[2025-04-30T23:04:35.838+0000] {processor.py:841} WARNING - No viable dags retrieved from /opt/airflow/dags/weather_etl_dag.py
[2025-04-30T23:04:35.863+0000] {processor.py:179} INFO - Processing /opt/airflow/dags/weather_etl_dag.py took 0.035 seconds
[2025-04-30T23:05:06.053+0000] {processor.py:157} INFO - Started process (PID=186) to work on /opt/airflow/dags/weather_etl_dag.py
[2025-04-30T23:05:06.056+0000] {processor.py:829} INFO - Processing file /opt/airflow/dags/weather_etl_dag.py for tasks to queue
[2025-04-30T23:05:06.057+0000] {logging_mixin.py:151} INFO - [2025-04-30T23:05:06.057+0000] {dagbag.py:539} INFO - Filling up the DagBag from /opt/airflow/dags/weather_etl_dag.py
[2025-04-30T23:05:06.062+0000] {logging_mixin.py:151} INFO - [2025-04-30T23:05:06.061+0000] {dagbag.py:347} ERROR - Failed to import: /opt/airflow/dags/weather_etl_dag.py
Traceback (most recent call last):
  File "/home/airflow/.local/lib/python3.8/site-packages/airflow/models/dagbag.py", line 343, in parse
    loader.exec_module(new_module)
  File "<frozen importlib._bootstrap_external>", line 843, in exec_module
  File "<frozen importlib._bootstrap>", line 219, in _call_with_frames_removed
  File "/opt/airflow/dags/weather_etl_dag.py", line 10, in <module>
    from etl.extractors.inmet_extractor import INMETExtractor
ModuleNotFoundError: No module named 'etl'
[2025-04-30T23:05:06.062+0000] {processor.py:841} WARNING - No viable dags retrieved from /opt/airflow/dags/weather_etl_dag.py
[2025-04-30T23:05:06.090+0000] {processor.py:179} INFO - Processing /opt/airflow/dags/weather_etl_dag.py took 0.041 seconds
[2025-04-30T23:05:36.259+0000] {processor.py:157} INFO - Started process (PID=191) to work on /opt/airflow/dags/weather_etl_dag.py
[2025-04-30T23:05:36.260+0000] {processor.py:829} INFO - Processing file /opt/airflow/dags/weather_etl_dag.py for tasks to queue
[2025-04-30T23:05:36.261+0000] {logging_mixin.py:151} INFO - [2025-04-30T23:05:36.260+0000] {dagbag.py:539} INFO - Filling up the DagBag from /opt/airflow/dags/weather_etl_dag.py
[2025-04-30T23:05:36.266+0000] {logging_mixin.py:151} INFO - [2025-04-30T23:05:36.265+0000] {dagbag.py:347} ERROR - Failed to import: /opt/airflow/dags/weather_etl_dag.py
Traceback (most recent call last):
  File "/home/airflow/.local/lib/python3.8/site-packages/airflow/models/dagbag.py", line 343, in parse
    loader.exec_module(new_module)
  File "<frozen importlib._bootstrap_external>", line 843, in exec_module
  File "<frozen importlib._bootstrap>", line 219, in _call_with_frames_removed
  File "/opt/airflow/dags/weather_etl_dag.py", line 10, in <module>
    from etl.extractors.inmet_extractor import INMETExtractor
ModuleNotFoundError: No module named 'etl'
[2025-04-30T23:05:36.267+0000] {processor.py:841} WARNING - No viable dags retrieved from /opt/airflow/dags/weather_etl_dag.py
[2025-04-30T23:05:36.295+0000] {processor.py:179} INFO - Processing /opt/airflow/dags/weather_etl_dag.py took 0.040 seconds
[2025-04-30T23:06:06.495+0000] {processor.py:157} INFO - Started process (PID=196) to work on /opt/airflow/dags/weather_etl_dag.py
[2025-04-30T23:06:06.496+0000] {processor.py:829} INFO - Processing file /opt/airflow/dags/weather_etl_dag.py for tasks to queue
[2025-04-30T23:06:06.497+0000] {logging_mixin.py:151} INFO - [2025-04-30T23:06:06.497+0000] {dagbag.py:539} INFO - Filling up the DagBag from /opt/airflow/dags/weather_etl_dag.py
[2025-04-30T23:06:06.504+0000] {logging_mixin.py:151} INFO - [2025-04-30T23:06:06.502+0000] {dagbag.py:347} ERROR - Failed to import: /opt/airflow/dags/weather_etl_dag.py
Traceback (most recent call last):
  File "/home/airflow/.local/lib/python3.8/site-packages/airflow/models/dagbag.py", line 343, in parse
    loader.exec_module(new_module)
  File "<frozen importlib._bootstrap_external>", line 843, in exec_module
  File "<frozen importlib._bootstrap>", line 219, in _call_with_frames_removed
  File "/opt/airflow/dags/weather_etl_dag.py", line 10, in <module>
    from etl.extractors.inmet_extractor import INMETExtractor
ModuleNotFoundError: No module named 'etl'
[2025-04-30T23:06:06.505+0000] {processor.py:841} WARNING - No viable dags retrieved from /opt/airflow/dags/weather_etl_dag.py
[2025-04-30T23:06:06.544+0000] {processor.py:179} INFO - Processing /opt/airflow/dags/weather_etl_dag.py took 0.055 seconds
[2025-04-30T23:06:36.724+0000] {processor.py:157} INFO - Started process (PID=201) to work on /opt/airflow/dags/weather_etl_dag.py
[2025-04-30T23:06:36.727+0000] {processor.py:829} INFO - Processing file /opt/airflow/dags/weather_etl_dag.py for tasks to queue
[2025-04-30T23:06:36.729+0000] {logging_mixin.py:151} INFO - [2025-04-30T23:06:36.728+0000] {dagbag.py:539} INFO - Filling up the DagBag from /opt/airflow/dags/weather_etl_dag.py
[2025-04-30T23:06:36.736+0000] {logging_mixin.py:151} INFO - [2025-04-30T23:06:36.734+0000] {dagbag.py:347} ERROR - Failed to import: /opt/airflow/dags/weather_etl_dag.py
Traceback (most recent call last):
  File "/home/airflow/.local/lib/python3.8/site-packages/airflow/models/dagbag.py", line 343, in parse
    loader.exec_module(new_module)
  File "<frozen importlib._bootstrap_external>", line 843, in exec_module
  File "<frozen importlib._bootstrap>", line 219, in _call_with_frames_removed
  File "/opt/airflow/dags/weather_etl_dag.py", line 10, in <module>
    from etl.extractors.inmet_extractor import INMETExtractor
ModuleNotFoundError: No module named 'etl'
[2025-04-30T23:06:36.736+0000] {processor.py:841} WARNING - No viable dags retrieved from /opt/airflow/dags/weather_etl_dag.py
[2025-04-30T23:06:37.009+0000] {processor.py:179} INFO - Processing /opt/airflow/dags/weather_etl_dag.py took 0.290 seconds
[2025-04-30T23:07:07.156+0000] {processor.py:157} INFO - Started process (PID=206) to work on /opt/airflow/dags/weather_etl_dag.py
[2025-04-30T23:07:07.157+0000] {processor.py:829} INFO - Processing file /opt/airflow/dags/weather_etl_dag.py for tasks to queue
[2025-04-30T23:07:07.158+0000] {logging_mixin.py:151} INFO - [2025-04-30T23:07:07.158+0000] {dagbag.py:539} INFO - Filling up the DagBag from /opt/airflow/dags/weather_etl_dag.py
[2025-04-30T23:07:07.165+0000] {logging_mixin.py:151} INFO - [2025-04-30T23:07:07.163+0000] {dagbag.py:347} ERROR - Failed to import: /opt/airflow/dags/weather_etl_dag.py
Traceback (most recent call last):
  File "/home/airflow/.local/lib/python3.8/site-packages/airflow/models/dagbag.py", line 343, in parse
    loader.exec_module(new_module)
  File "<frozen importlib._bootstrap_external>", line 843, in exec_module
  File "<frozen importlib._bootstrap>", line 219, in _call_with_frames_removed
  File "/opt/airflow/dags/weather_etl_dag.py", line 10, in <module>
    from etl.extractors.inmet_extractor import INMETExtractor
ModuleNotFoundError: No module named 'etl'
[2025-04-30T23:07:07.165+0000] {processor.py:841} WARNING - No viable dags retrieved from /opt/airflow/dags/weather_etl_dag.py
[2025-04-30T23:07:07.203+0000] {processor.py:179} INFO - Processing /opt/airflow/dags/weather_etl_dag.py took 0.052 seconds
[2025-04-30T23:07:37.355+0000] {processor.py:157} INFO - Started process (PID=211) to work on /opt/airflow/dags/weather_etl_dag.py
[2025-04-30T23:07:37.359+0000] {processor.py:829} INFO - Processing file /opt/airflow/dags/weather_etl_dag.py for tasks to queue
[2025-04-30T23:07:37.360+0000] {logging_mixin.py:151} INFO - [2025-04-30T23:07:37.359+0000] {dagbag.py:539} INFO - Filling up the DagBag from /opt/airflow/dags/weather_etl_dag.py
[2025-04-30T23:07:37.368+0000] {logging_mixin.py:151} INFO - [2025-04-30T23:07:37.365+0000] {dagbag.py:347} ERROR - Failed to import: /opt/airflow/dags/weather_etl_dag.py
Traceback (most recent call last):
  File "/home/airflow/.local/lib/python3.8/site-packages/airflow/models/dagbag.py", line 343, in parse
    loader.exec_module(new_module)
  File "<frozen importlib._bootstrap_external>", line 843, in exec_module
  File "<frozen importlib._bootstrap>", line 219, in _call_with_frames_removed
  File "/opt/airflow/dags/weather_etl_dag.py", line 10, in <module>
    from etl.extractors.inmet_extractor import INMETExtractor
ModuleNotFoundError: No module named 'etl'
[2025-04-30T23:07:37.368+0000] {processor.py:841} WARNING - No viable dags retrieved from /opt/airflow/dags/weather_etl_dag.py
[2025-04-30T23:07:37.407+0000] {processor.py:179} INFO - Processing /opt/airflow/dags/weather_etl_dag.py took 0.059 seconds
[2025-04-30T23:08:07.620+0000] {processor.py:157} INFO - Started process (PID=216) to work on /opt/airflow/dags/weather_etl_dag.py
[2025-04-30T23:08:07.621+0000] {processor.py:829} INFO - Processing file /opt/airflow/dags/weather_etl_dag.py for tasks to queue
[2025-04-30T23:08:07.622+0000] {logging_mixin.py:151} INFO - [2025-04-30T23:08:07.622+0000] {dagbag.py:539} INFO - Filling up the DagBag from /opt/airflow/dags/weather_etl_dag.py
[2025-04-30T23:08:07.627+0000] {logging_mixin.py:151} INFO - [2025-04-30T23:08:07.625+0000] {dagbag.py:347} ERROR - Failed to import: /opt/airflow/dags/weather_etl_dag.py
Traceback (most recent call last):
  File "/home/airflow/.local/lib/python3.8/site-packages/airflow/models/dagbag.py", line 343, in parse
    loader.exec_module(new_module)
  File "<frozen importlib._bootstrap_external>", line 843, in exec_module
  File "<frozen importlib._bootstrap>", line 219, in _call_with_frames_removed
  File "/opt/airflow/dags/weather_etl_dag.py", line 10, in <module>
    from etl.extractors.inmet_extractor import INMETExtractor
ModuleNotFoundError: No module named 'etl'
[2025-04-30T23:08:07.627+0000] {processor.py:841} WARNING - No viable dags retrieved from /opt/airflow/dags/weather_etl_dag.py
[2025-04-30T23:08:07.652+0000] {processor.py:179} INFO - Processing /opt/airflow/dags/weather_etl_dag.py took 0.035 seconds
[2025-04-30T23:08:37.858+0000] {processor.py:157} INFO - Started process (PID=221) to work on /opt/airflow/dags/weather_etl_dag.py
[2025-04-30T23:08:37.861+0000] {processor.py:829} INFO - Processing file /opt/airflow/dags/weather_etl_dag.py for tasks to queue
[2025-04-30T23:08:37.862+0000] {logging_mixin.py:151} INFO - [2025-04-30T23:08:37.862+0000] {dagbag.py:539} INFO - Filling up the DagBag from /opt/airflow/dags/weather_etl_dag.py
[2025-04-30T23:08:37.867+0000] {logging_mixin.py:151} INFO - [2025-04-30T23:08:37.866+0000] {dagbag.py:347} ERROR - Failed to import: /opt/airflow/dags/weather_etl_dag.py
Traceback (most recent call last):
  File "/home/airflow/.local/lib/python3.8/site-packages/airflow/models/dagbag.py", line 343, in parse
    loader.exec_module(new_module)
  File "<frozen importlib._bootstrap_external>", line 843, in exec_module
  File "<frozen importlib._bootstrap>", line 219, in _call_with_frames_removed
  File "/opt/airflow/dags/weather_etl_dag.py", line 10, in <module>
    from etl.extractors.inmet_extractor import INMETExtractor
ModuleNotFoundError: No module named 'etl'
[2025-04-30T23:08:37.868+0000] {processor.py:841} WARNING - No viable dags retrieved from /opt/airflow/dags/weather_etl_dag.py
[2025-04-30T23:08:37.897+0000] {processor.py:179} INFO - Processing /opt/airflow/dags/weather_etl_dag.py took 0.045 seconds
[2025-04-30T23:09:08.060+0000] {processor.py:157} INFO - Started process (PID=226) to work on /opt/airflow/dags/weather_etl_dag.py
[2025-04-30T23:09:08.061+0000] {processor.py:829} INFO - Processing file /opt/airflow/dags/weather_etl_dag.py for tasks to queue
[2025-04-30T23:09:08.062+0000] {logging_mixin.py:151} INFO - [2025-04-30T23:09:08.062+0000] {dagbag.py:539} INFO - Filling up the DagBag from /opt/airflow/dags/weather_etl_dag.py
[2025-04-30T23:09:08.066+0000] {logging_mixin.py:151} INFO - [2025-04-30T23:09:08.065+0000] {dagbag.py:347} ERROR - Failed to import: /opt/airflow/dags/weather_etl_dag.py
Traceback (most recent call last):
  File "/home/airflow/.local/lib/python3.8/site-packages/airflow/models/dagbag.py", line 343, in parse
    loader.exec_module(new_module)
  File "<frozen importlib._bootstrap_external>", line 843, in exec_module
  File "<frozen importlib._bootstrap>", line 219, in _call_with_frames_removed
  File "/opt/airflow/dags/weather_etl_dag.py", line 10, in <module>
    from etl.extractors.inmet_extractor import INMETExtractor
ModuleNotFoundError: No module named 'etl'
[2025-04-30T23:09:08.066+0000] {processor.py:841} WARNING - No viable dags retrieved from /opt/airflow/dags/weather_etl_dag.py
[2025-04-30T23:09:08.095+0000] {processor.py:179} INFO - Processing /opt/airflow/dags/weather_etl_dag.py took 0.038 seconds
[2025-04-30T23:09:38.323+0000] {processor.py:157} INFO - Started process (PID=231) to work on /opt/airflow/dags/weather_etl_dag.py
[2025-04-30T23:09:38.326+0000] {processor.py:829} INFO - Processing file /opt/airflow/dags/weather_etl_dag.py for tasks to queue
[2025-04-30T23:09:38.328+0000] {logging_mixin.py:151} INFO - [2025-04-30T23:09:38.327+0000] {dagbag.py:539} INFO - Filling up the DagBag from /opt/airflow/dags/weather_etl_dag.py
[2025-04-30T23:09:38.334+0000] {logging_mixin.py:151} INFO - [2025-04-30T23:09:38.333+0000] {dagbag.py:347} ERROR - Failed to import: /opt/airflow/dags/weather_etl_dag.py
Traceback (most recent call last):
  File "/home/airflow/.local/lib/python3.8/site-packages/airflow/models/dagbag.py", line 343, in parse
    loader.exec_module(new_module)
  File "<frozen importlib._bootstrap_external>", line 843, in exec_module
  File "<frozen importlib._bootstrap>", line 219, in _call_with_frames_removed
  File "/opt/airflow/dags/weather_etl_dag.py", line 10, in <module>
    from etl.extractors.inmet_extractor import INMETExtractor
ModuleNotFoundError: No module named 'etl'
[2025-04-30T23:09:38.335+0000] {processor.py:841} WARNING - No viable dags retrieved from /opt/airflow/dags/weather_etl_dag.py
[2025-04-30T23:09:38.370+0000] {processor.py:179} INFO - Processing /opt/airflow/dags/weather_etl_dag.py took 0.052 seconds
[2025-04-30T23:10:08.542+0000] {processor.py:157} INFO - Started process (PID=236) to work on /opt/airflow/dags/weather_etl_dag.py
[2025-04-30T23:10:08.543+0000] {processor.py:829} INFO - Processing file /opt/airflow/dags/weather_etl_dag.py for tasks to queue
[2025-04-30T23:10:08.545+0000] {logging_mixin.py:151} INFO - [2025-04-30T23:10:08.544+0000] {dagbag.py:539} INFO - Filling up the DagBag from /opt/airflow/dags/weather_etl_dag.py
[2025-04-30T23:10:08.552+0000] {logging_mixin.py:151} INFO - [2025-04-30T23:10:08.551+0000] {dagbag.py:347} ERROR - Failed to import: /opt/airflow/dags/weather_etl_dag.py
Traceback (most recent call last):
  File "/home/airflow/.local/lib/python3.8/site-packages/airflow/models/dagbag.py", line 343, in parse
    loader.exec_module(new_module)
  File "<frozen importlib._bootstrap_external>", line 843, in exec_module
  File "<frozen importlib._bootstrap>", line 219, in _call_with_frames_removed
  File "/opt/airflow/dags/weather_etl_dag.py", line 10, in <module>
    from etl.extractors.inmet_extractor import INMETExtractor
ModuleNotFoundError: No module named 'etl'
[2025-04-30T23:10:08.553+0000] {processor.py:841} WARNING - No viable dags retrieved from /opt/airflow/dags/weather_etl_dag.py
[2025-04-30T23:10:08.597+0000] {processor.py:179} INFO - Processing /opt/airflow/dags/weather_etl_dag.py took 0.061 seconds
[2025-04-30T23:10:38.790+0000] {processor.py:157} INFO - Started process (PID=241) to work on /opt/airflow/dags/weather_etl_dag.py
[2025-04-30T23:10:38.791+0000] {processor.py:829} INFO - Processing file /opt/airflow/dags/weather_etl_dag.py for tasks to queue
[2025-04-30T23:10:38.792+0000] {logging_mixin.py:151} INFO - [2025-04-30T23:10:38.791+0000] {dagbag.py:539} INFO - Filling up the DagBag from /opt/airflow/dags/weather_etl_dag.py
[2025-04-30T23:10:38.796+0000] {logging_mixin.py:151} INFO - [2025-04-30T23:10:38.795+0000] {dagbag.py:347} ERROR - Failed to import: /opt/airflow/dags/weather_etl_dag.py
Traceback (most recent call last):
  File "/home/airflow/.local/lib/python3.8/site-packages/airflow/models/dagbag.py", line 343, in parse
    loader.exec_module(new_module)
  File "<frozen importlib._bootstrap_external>", line 843, in exec_module
  File "<frozen importlib._bootstrap>", line 219, in _call_with_frames_removed
  File "/opt/airflow/dags/weather_etl_dag.py", line 10, in <module>
    from etl.extractors.inmet_extractor import INMETExtractor
ModuleNotFoundError: No module named 'etl'
[2025-04-30T23:10:38.797+0000] {processor.py:841} WARNING - No viable dags retrieved from /opt/airflow/dags/weather_etl_dag.py
[2025-04-30T23:10:38.822+0000] {processor.py:179} INFO - Processing /opt/airflow/dags/weather_etl_dag.py took 0.036 seconds
[2025-04-30T23:11:09.019+0000] {processor.py:157} INFO - Started process (PID=246) to work on /opt/airflow/dags/weather_etl_dag.py
[2025-04-30T23:11:09.021+0000] {processor.py:829} INFO - Processing file /opt/airflow/dags/weather_etl_dag.py for tasks to queue
[2025-04-30T23:11:09.022+0000] {logging_mixin.py:151} INFO - [2025-04-30T23:11:09.021+0000] {dagbag.py:539} INFO - Filling up the DagBag from /opt/airflow/dags/weather_etl_dag.py
[2025-04-30T23:11:09.027+0000] {logging_mixin.py:151} INFO - [2025-04-30T23:11:09.026+0000] {dagbag.py:347} ERROR - Failed to import: /opt/airflow/dags/weather_etl_dag.py
Traceback (most recent call last):
  File "/home/airflow/.local/lib/python3.8/site-packages/airflow/models/dagbag.py", line 343, in parse
    loader.exec_module(new_module)
  File "<frozen importlib._bootstrap_external>", line 843, in exec_module
  File "<frozen importlib._bootstrap>", line 219, in _call_with_frames_removed
  File "/opt/airflow/dags/weather_etl_dag.py", line 10, in <module>
    from etl.extractors.inmet_extractor import INMETExtractor
ModuleNotFoundError: No module named 'etl'
[2025-04-30T23:11:09.028+0000] {processor.py:841} WARNING - No viable dags retrieved from /opt/airflow/dags/weather_etl_dag.py
[2025-04-30T23:11:09.064+0000] {processor.py:179} INFO - Processing /opt/airflow/dags/weather_etl_dag.py took 0.051 seconds
[2025-04-30T23:11:39.228+0000] {processor.py:157} INFO - Started process (PID=251) to work on /opt/airflow/dags/weather_etl_dag.py
[2025-04-30T23:11:39.231+0000] {processor.py:829} INFO - Processing file /opt/airflow/dags/weather_etl_dag.py for tasks to queue
[2025-04-30T23:11:39.233+0000] {logging_mixin.py:151} INFO - [2025-04-30T23:11:39.232+0000] {dagbag.py:539} INFO - Filling up the DagBag from /opt/airflow/dags/weather_etl_dag.py
[2025-04-30T23:11:39.238+0000] {logging_mixin.py:151} INFO - [2025-04-30T23:11:39.237+0000] {dagbag.py:347} ERROR - Failed to import: /opt/airflow/dags/weather_etl_dag.py
Traceback (most recent call last):
  File "/home/airflow/.local/lib/python3.8/site-packages/airflow/models/dagbag.py", line 343, in parse
    loader.exec_module(new_module)
  File "<frozen importlib._bootstrap_external>", line 843, in exec_module
  File "<frozen importlib._bootstrap>", line 219, in _call_with_frames_removed
  File "/opt/airflow/dags/weather_etl_dag.py", line 10, in <module>
    from etl.extractors.inmet_extractor import INMETExtractor
ModuleNotFoundError: No module named 'etl'
[2025-04-30T23:11:39.239+0000] {processor.py:841} WARNING - No viable dags retrieved from /opt/airflow/dags/weather_etl_dag.py
[2025-04-30T23:11:39.267+0000] {processor.py:179} INFO - Processing /opt/airflow/dags/weather_etl_dag.py took 0.043 seconds
[2025-04-30T23:12:09.479+0000] {processor.py:157} INFO - Started process (PID=256) to work on /opt/airflow/dags/weather_etl_dag.py
[2025-04-30T23:12:09.481+0000] {processor.py:829} INFO - Processing file /opt/airflow/dags/weather_etl_dag.py for tasks to queue
[2025-04-30T23:12:09.482+0000] {logging_mixin.py:151} INFO - [2025-04-30T23:12:09.481+0000] {dagbag.py:539} INFO - Filling up the DagBag from /opt/airflow/dags/weather_etl_dag.py
[2025-04-30T23:12:09.488+0000] {logging_mixin.py:151} INFO - [2025-04-30T23:12:09.486+0000] {dagbag.py:347} ERROR - Failed to import: /opt/airflow/dags/weather_etl_dag.py
Traceback (most recent call last):
  File "/home/airflow/.local/lib/python3.8/site-packages/airflow/models/dagbag.py", line 343, in parse
    loader.exec_module(new_module)
  File "<frozen importlib._bootstrap_external>", line 843, in exec_module
  File "<frozen importlib._bootstrap>", line 219, in _call_with_frames_removed
  File "/opt/airflow/dags/weather_etl_dag.py", line 10, in <module>
    from etl.extractors.inmet_extractor import INMETExtractor
ModuleNotFoundError: No module named 'etl'
[2025-04-30T23:12:09.489+0000] {processor.py:841} WARNING - No viable dags retrieved from /opt/airflow/dags/weather_etl_dag.py
[2025-04-30T23:12:09.521+0000] {processor.py:179} INFO - Processing /opt/airflow/dags/weather_etl_dag.py took 0.046 seconds
[2025-04-30T23:12:39.691+0000] {processor.py:157} INFO - Started process (PID=261) to work on /opt/airflow/dags/weather_etl_dag.py
[2025-04-30T23:12:39.692+0000] {processor.py:829} INFO - Processing file /opt/airflow/dags/weather_etl_dag.py for tasks to queue
[2025-04-30T23:12:39.694+0000] {logging_mixin.py:151} INFO - [2025-04-30T23:12:39.693+0000] {dagbag.py:539} INFO - Filling up the DagBag from /opt/airflow/dags/weather_etl_dag.py
[2025-04-30T23:12:39.699+0000] {logging_mixin.py:151} INFO - [2025-04-30T23:12:39.698+0000] {dagbag.py:347} ERROR - Failed to import: /opt/airflow/dags/weather_etl_dag.py
Traceback (most recent call last):
  File "/home/airflow/.local/lib/python3.8/site-packages/airflow/models/dagbag.py", line 343, in parse
    loader.exec_module(new_module)
  File "<frozen importlib._bootstrap_external>", line 843, in exec_module
  File "<frozen importlib._bootstrap>", line 219, in _call_with_frames_removed
  File "/opt/airflow/dags/weather_etl_dag.py", line 10, in <module>
    from etl.extractors.inmet_extractor import INMETExtractor
ModuleNotFoundError: No module named 'etl'
[2025-04-30T23:12:39.700+0000] {processor.py:841} WARNING - No viable dags retrieved from /opt/airflow/dags/weather_etl_dag.py
[2025-04-30T23:12:39.724+0000] {processor.py:179} INFO - Processing /opt/airflow/dags/weather_etl_dag.py took 0.039 seconds
[2025-04-30T23:13:09.926+0000] {processor.py:157} INFO - Started process (PID=266) to work on /opt/airflow/dags/weather_etl_dag.py
[2025-04-30T23:13:09.929+0000] {processor.py:829} INFO - Processing file /opt/airflow/dags/weather_etl_dag.py for tasks to queue
[2025-04-30T23:13:09.930+0000] {logging_mixin.py:151} INFO - [2025-04-30T23:13:09.930+0000] {dagbag.py:539} INFO - Filling up the DagBag from /opt/airflow/dags/weather_etl_dag.py
[2025-04-30T23:13:09.935+0000] {logging_mixin.py:151} INFO - [2025-04-30T23:13:09.934+0000] {dagbag.py:347} ERROR - Failed to import: /opt/airflow/dags/weather_etl_dag.py
Traceback (most recent call last):
  File "/home/airflow/.local/lib/python3.8/site-packages/airflow/models/dagbag.py", line 343, in parse
    loader.exec_module(new_module)
  File "<frozen importlib._bootstrap_external>", line 843, in exec_module
  File "<frozen importlib._bootstrap>", line 219, in _call_with_frames_removed
  File "/opt/airflow/dags/weather_etl_dag.py", line 10, in <module>
    from etl.extractors.inmet_extractor import INMETExtractor
ModuleNotFoundError: No module named 'etl'
[2025-04-30T23:13:09.936+0000] {processor.py:841} WARNING - No viable dags retrieved from /opt/airflow/dags/weather_etl_dag.py
[2025-04-30T23:13:09.970+0000] {processor.py:179} INFO - Processing /opt/airflow/dags/weather_etl_dag.py took 0.048 seconds
[2025-04-30T23:13:40.181+0000] {processor.py:157} INFO - Started process (PID=271) to work on /opt/airflow/dags/weather_etl_dag.py
[2025-04-30T23:13:40.183+0000] {processor.py:829} INFO - Processing file /opt/airflow/dags/weather_etl_dag.py for tasks to queue
[2025-04-30T23:13:40.185+0000] {logging_mixin.py:151} INFO - [2025-04-30T23:13:40.184+0000] {dagbag.py:539} INFO - Filling up the DagBag from /opt/airflow/dags/weather_etl_dag.py
[2025-04-30T23:13:40.193+0000] {logging_mixin.py:151} INFO - [2025-04-30T23:13:40.191+0000] {dagbag.py:347} ERROR - Failed to import: /opt/airflow/dags/weather_etl_dag.py
Traceback (most recent call last):
  File "/home/airflow/.local/lib/python3.8/site-packages/airflow/models/dagbag.py", line 343, in parse
    loader.exec_module(new_module)
  File "<frozen importlib._bootstrap_external>", line 843, in exec_module
  File "<frozen importlib._bootstrap>", line 219, in _call_with_frames_removed
  File "/opt/airflow/dags/weather_etl_dag.py", line 10, in <module>
    from etl.extractors.inmet_extractor import INMETExtractor
ModuleNotFoundError: No module named 'etl'
[2025-04-30T23:13:40.193+0000] {processor.py:841} WARNING - No viable dags retrieved from /opt/airflow/dags/weather_etl_dag.py
[2025-04-30T23:13:40.230+0000] {processor.py:179} INFO - Processing /opt/airflow/dags/weather_etl_dag.py took 0.055 seconds
[2025-04-30T23:14:10.390+0000] {processor.py:157} INFO - Started process (PID=276) to work on /opt/airflow/dags/weather_etl_dag.py
[2025-04-30T23:14:10.393+0000] {processor.py:829} INFO - Processing file /opt/airflow/dags/weather_etl_dag.py for tasks to queue
[2025-04-30T23:14:10.395+0000] {logging_mixin.py:151} INFO - [2025-04-30T23:14:10.394+0000] {dagbag.py:539} INFO - Filling up the DagBag from /opt/airflow/dags/weather_etl_dag.py
[2025-04-30T23:14:10.402+0000] {logging_mixin.py:151} INFO - [2025-04-30T23:14:10.400+0000] {dagbag.py:347} ERROR - Failed to import: /opt/airflow/dags/weather_etl_dag.py
Traceback (most recent call last):
  File "/home/airflow/.local/lib/python3.8/site-packages/airflow/models/dagbag.py", line 343, in parse
    loader.exec_module(new_module)
  File "<frozen importlib._bootstrap_external>", line 843, in exec_module
  File "<frozen importlib._bootstrap>", line 219, in _call_with_frames_removed
  File "/opt/airflow/dags/weather_etl_dag.py", line 10, in <module>
    from etl.extractors.inmet_extractor import INMETExtractor
ModuleNotFoundError: No module named 'etl'
[2025-04-30T23:14:10.402+0000] {processor.py:841} WARNING - No viable dags retrieved from /opt/airflow/dags/weather_etl_dag.py
[2025-04-30T23:14:10.432+0000] {processor.py:179} INFO - Processing /opt/airflow/dags/weather_etl_dag.py took 0.048 seconds
[2025-04-30T23:14:40.656+0000] {processor.py:157} INFO - Started process (PID=281) to work on /opt/airflow/dags/weather_etl_dag.py
[2025-04-30T23:14:40.658+0000] {processor.py:829} INFO - Processing file /opt/airflow/dags/weather_etl_dag.py for tasks to queue
[2025-04-30T23:14:40.660+0000] {logging_mixin.py:151} INFO - [2025-04-30T23:14:40.659+0000] {dagbag.py:539} INFO - Filling up the DagBag from /opt/airflow/dags/weather_etl_dag.py
[2025-04-30T23:14:40.666+0000] {logging_mixin.py:151} INFO - [2025-04-30T23:14:40.665+0000] {dagbag.py:347} ERROR - Failed to import: /opt/airflow/dags/weather_etl_dag.py
Traceback (most recent call last):
  File "/home/airflow/.local/lib/python3.8/site-packages/airflow/models/dagbag.py", line 343, in parse
    loader.exec_module(new_module)
  File "<frozen importlib._bootstrap_external>", line 843, in exec_module
  File "<frozen importlib._bootstrap>", line 219, in _call_with_frames_removed
  File "/opt/airflow/dags/weather_etl_dag.py", line 10, in <module>
    from etl.extractors.inmet_extractor import INMETExtractor
ModuleNotFoundError: No module named 'etl'
[2025-04-30T23:14:40.667+0000] {processor.py:841} WARNING - No viable dags retrieved from /opt/airflow/dags/weather_etl_dag.py
[2025-04-30T23:14:40.711+0000] {processor.py:179} INFO - Processing /opt/airflow/dags/weather_etl_dag.py took 0.061 seconds
[2025-04-30T23:15:10.863+0000] {processor.py:157} INFO - Started process (PID=286) to work on /opt/airflow/dags/weather_etl_dag.py
[2025-04-30T23:15:10.866+0000] {processor.py:829} INFO - Processing file /opt/airflow/dags/weather_etl_dag.py for tasks to queue
[2025-04-30T23:15:10.867+0000] {logging_mixin.py:151} INFO - [2025-04-30T23:15:10.867+0000] {dagbag.py:539} INFO - Filling up the DagBag from /opt/airflow/dags/weather_etl_dag.py
[2025-04-30T23:15:10.873+0000] {logging_mixin.py:151} INFO - [2025-04-30T23:15:10.871+0000] {dagbag.py:347} ERROR - Failed to import: /opt/airflow/dags/weather_etl_dag.py
Traceback (most recent call last):
  File "/home/airflow/.local/lib/python3.8/site-packages/airflow/models/dagbag.py", line 343, in parse
    loader.exec_module(new_module)
  File "<frozen importlib._bootstrap_external>", line 843, in exec_module
  File "<frozen importlib._bootstrap>", line 219, in _call_with_frames_removed
  File "/opt/airflow/dags/weather_etl_dag.py", line 10, in <module>
    from etl.extractors.inmet_extractor import INMETExtractor
ModuleNotFoundError: No module named 'etl'
[2025-04-30T23:15:10.874+0000] {processor.py:841} WARNING - No viable dags retrieved from /opt/airflow/dags/weather_etl_dag.py
[2025-04-30T23:15:10.910+0000] {processor.py:179} INFO - Processing /opt/airflow/dags/weather_etl_dag.py took 0.052 seconds
[2025-04-30T23:15:41.142+0000] {processor.py:157} INFO - Started process (PID=291) to work on /opt/airflow/dags/weather_etl_dag.py
[2025-04-30T23:15:41.144+0000] {processor.py:829} INFO - Processing file /opt/airflow/dags/weather_etl_dag.py for tasks to queue
[2025-04-30T23:15:41.145+0000] {logging_mixin.py:151} INFO - [2025-04-30T23:15:41.144+0000] {dagbag.py:539} INFO - Filling up the DagBag from /opt/airflow/dags/weather_etl_dag.py
[2025-04-30T23:15:41.154+0000] {logging_mixin.py:151} INFO - [2025-04-30T23:15:41.152+0000] {dagbag.py:347} ERROR - Failed to import: /opt/airflow/dags/weather_etl_dag.py
Traceback (most recent call last):
  File "/home/airflow/.local/lib/python3.8/site-packages/airflow/models/dagbag.py", line 343, in parse
    loader.exec_module(new_module)
  File "<frozen importlib._bootstrap_external>", line 843, in exec_module
  File "<frozen importlib._bootstrap>", line 219, in _call_with_frames_removed
  File "/opt/airflow/dags/weather_etl_dag.py", line 10, in <module>
    from etl.extractors.inmet_extractor import INMETExtractor
ModuleNotFoundError: No module named 'etl'
[2025-04-30T23:15:41.155+0000] {processor.py:841} WARNING - No viable dags retrieved from /opt/airflow/dags/weather_etl_dag.py
[2025-04-30T23:15:41.195+0000] {processor.py:179} INFO - Processing /opt/airflow/dags/weather_etl_dag.py took 0.059 seconds
[2025-04-30T23:16:11.377+0000] {processor.py:157} INFO - Started process (PID=296) to work on /opt/airflow/dags/weather_etl_dag.py
[2025-04-30T23:16:11.380+0000] {processor.py:829} INFO - Processing file /opt/airflow/dags/weather_etl_dag.py for tasks to queue
[2025-04-30T23:16:11.383+0000] {logging_mixin.py:151} INFO - [2025-04-30T23:16:11.382+0000] {dagbag.py:539} INFO - Filling up the DagBag from /opt/airflow/dags/weather_etl_dag.py
[2025-04-30T23:16:11.392+0000] {logging_mixin.py:151} INFO - [2025-04-30T23:16:11.390+0000] {dagbag.py:347} ERROR - Failed to import: /opt/airflow/dags/weather_etl_dag.py
Traceback (most recent call last):
  File "/home/airflow/.local/lib/python3.8/site-packages/airflow/models/dagbag.py", line 343, in parse
    loader.exec_module(new_module)
  File "<frozen importlib._bootstrap_external>", line 843, in exec_module
  File "<frozen importlib._bootstrap>", line 219, in _call_with_frames_removed
  File "/opt/airflow/dags/weather_etl_dag.py", line 10, in <module>
    from etl.extractors.inmet_extractor import INMETExtractor
ModuleNotFoundError: No module named 'etl'
[2025-04-30T23:16:11.393+0000] {processor.py:841} WARNING - No viable dags retrieved from /opt/airflow/dags/weather_etl_dag.py
[2025-04-30T23:16:11.447+0000] {processor.py:179} INFO - Processing /opt/airflow/dags/weather_etl_dag.py took 0.079 seconds
[2025-04-30T23:16:41.630+0000] {processor.py:157} INFO - Started process (PID=301) to work on /opt/airflow/dags/weather_etl_dag.py
[2025-04-30T23:16:41.634+0000] {processor.py:829} INFO - Processing file /opt/airflow/dags/weather_etl_dag.py for tasks to queue
[2025-04-30T23:16:41.636+0000] {logging_mixin.py:151} INFO - [2025-04-30T23:16:41.635+0000] {dagbag.py:539} INFO - Filling up the DagBag from /opt/airflow/dags/weather_etl_dag.py
[2025-04-30T23:16:41.645+0000] {logging_mixin.py:151} INFO - [2025-04-30T23:16:41.643+0000] {dagbag.py:347} ERROR - Failed to import: /opt/airflow/dags/weather_etl_dag.py
Traceback (most recent call last):
  File "/home/airflow/.local/lib/python3.8/site-packages/airflow/models/dagbag.py", line 343, in parse
    loader.exec_module(new_module)
  File "<frozen importlib._bootstrap_external>", line 843, in exec_module
  File "<frozen importlib._bootstrap>", line 219, in _call_with_frames_removed
  File "/opt/airflow/dags/weather_etl_dag.py", line 10, in <module>
    from etl.extractors.inmet_extractor import INMETExtractor
ModuleNotFoundError: No module named 'etl'
[2025-04-30T23:16:41.646+0000] {processor.py:841} WARNING - No viable dags retrieved from /opt/airflow/dags/weather_etl_dag.py
[2025-04-30T23:16:41.686+0000] {processor.py:179} INFO - Processing /opt/airflow/dags/weather_etl_dag.py took 0.061 seconds
[2025-04-30T23:17:11.875+0000] {processor.py:157} INFO - Started process (PID=306) to work on /opt/airflow/dags/weather_etl_dag.py
[2025-04-30T23:17:11.876+0000] {processor.py:829} INFO - Processing file /opt/airflow/dags/weather_etl_dag.py for tasks to queue
[2025-04-30T23:17:11.877+0000] {logging_mixin.py:151} INFO - [2025-04-30T23:17:11.877+0000] {dagbag.py:539} INFO - Filling up the DagBag from /opt/airflow/dags/weather_etl_dag.py
[2025-04-30T23:17:11.885+0000] {logging_mixin.py:151} INFO - [2025-04-30T23:17:11.883+0000] {dagbag.py:347} ERROR - Failed to import: /opt/airflow/dags/weather_etl_dag.py
Traceback (most recent call last):
  File "/home/airflow/.local/lib/python3.8/site-packages/airflow/models/dagbag.py", line 343, in parse
    loader.exec_module(new_module)
  File "<frozen importlib._bootstrap_external>", line 843, in exec_module
  File "<frozen importlib._bootstrap>", line 219, in _call_with_frames_removed
  File "/opt/airflow/dags/weather_etl_dag.py", line 10, in <module>
    from etl.extractors.inmet_extractor import INMETExtractor
ModuleNotFoundError: No module named 'etl'
[2025-04-30T23:17:11.886+0000] {processor.py:841} WARNING - No viable dags retrieved from /opt/airflow/dags/weather_etl_dag.py
[2025-04-30T23:17:11.932+0000] {processor.py:179} INFO - Processing /opt/airflow/dags/weather_etl_dag.py took 0.065 seconds
[2025-04-30T23:17:42.105+0000] {processor.py:157} INFO - Started process (PID=311) to work on /opt/airflow/dags/weather_etl_dag.py
[2025-04-30T23:17:42.107+0000] {processor.py:829} INFO - Processing file /opt/airflow/dags/weather_etl_dag.py for tasks to queue
[2025-04-30T23:17:42.109+0000] {logging_mixin.py:151} INFO - [2025-04-30T23:17:42.108+0000] {dagbag.py:539} INFO - Filling up the DagBag from /opt/airflow/dags/weather_etl_dag.py
[2025-04-30T23:17:42.116+0000] {logging_mixin.py:151} INFO - [2025-04-30T23:17:42.114+0000] {dagbag.py:347} ERROR - Failed to import: /opt/airflow/dags/weather_etl_dag.py
Traceback (most recent call last):
  File "/home/airflow/.local/lib/python3.8/site-packages/airflow/models/dagbag.py", line 343, in parse
    loader.exec_module(new_module)
  File "<frozen importlib._bootstrap_external>", line 843, in exec_module
  File "<frozen importlib._bootstrap>", line 219, in _call_with_frames_removed
  File "/opt/airflow/dags/weather_etl_dag.py", line 10, in <module>
    from etl.extractors.inmet_extractor import INMETExtractor
ModuleNotFoundError: No module named 'etl'
[2025-04-30T23:17:42.117+0000] {processor.py:841} WARNING - No viable dags retrieved from /opt/airflow/dags/weather_etl_dag.py
[2025-04-30T23:17:42.161+0000] {processor.py:179} INFO - Processing /opt/airflow/dags/weather_etl_dag.py took 0.063 seconds
[2025-04-30T23:18:12.334+0000] {processor.py:157} INFO - Started process (PID=316) to work on /opt/airflow/dags/weather_etl_dag.py
[2025-04-30T23:18:12.335+0000] {processor.py:829} INFO - Processing file /opt/airflow/dags/weather_etl_dag.py for tasks to queue
[2025-04-30T23:18:12.336+0000] {logging_mixin.py:151} INFO - [2025-04-30T23:18:12.336+0000] {dagbag.py:539} INFO - Filling up the DagBag from /opt/airflow/dags/weather_etl_dag.py
[2025-04-30T23:18:12.341+0000] {logging_mixin.py:151} INFO - [2025-04-30T23:18:12.340+0000] {dagbag.py:347} ERROR - Failed to import: /opt/airflow/dags/weather_etl_dag.py
Traceback (most recent call last):
  File "/home/airflow/.local/lib/python3.8/site-packages/airflow/models/dagbag.py", line 343, in parse
    loader.exec_module(new_module)
  File "<frozen importlib._bootstrap_external>", line 843, in exec_module
  File "<frozen importlib._bootstrap>", line 219, in _call_with_frames_removed
  File "/opt/airflow/dags/weather_etl_dag.py", line 10, in <module>
    from etl.extractors.inmet_extractor import INMETExtractor
ModuleNotFoundError: No module named 'etl'
[2025-04-30T23:18:12.342+0000] {processor.py:841} WARNING - No viable dags retrieved from /opt/airflow/dags/weather_etl_dag.py
[2025-04-30T23:18:12.366+0000] {processor.py:179} INFO - Processing /opt/airflow/dags/weather_etl_dag.py took 0.037 seconds
[2025-04-30T23:18:42.596+0000] {processor.py:157} INFO - Started process (PID=321) to work on /opt/airflow/dags/weather_etl_dag.py
[2025-04-30T23:18:42.599+0000] {processor.py:829} INFO - Processing file /opt/airflow/dags/weather_etl_dag.py for tasks to queue
[2025-04-30T23:18:42.600+0000] {logging_mixin.py:151} INFO - [2025-04-30T23:18:42.600+0000] {dagbag.py:539} INFO - Filling up the DagBag from /opt/airflow/dags/weather_etl_dag.py
[2025-04-30T23:18:42.608+0000] {logging_mixin.py:151} INFO - [2025-04-30T23:18:42.606+0000] {dagbag.py:347} ERROR - Failed to import: /opt/airflow/dags/weather_etl_dag.py
Traceback (most recent call last):
  File "/home/airflow/.local/lib/python3.8/site-packages/airflow/models/dagbag.py", line 343, in parse
    loader.exec_module(new_module)
  File "<frozen importlib._bootstrap_external>", line 843, in exec_module
  File "<frozen importlib._bootstrap>", line 219, in _call_with_frames_removed
  File "/opt/airflow/dags/weather_etl_dag.py", line 10, in <module>
    from etl.extractors.inmet_extractor import INMETExtractor
ModuleNotFoundError: No module named 'etl'
[2025-04-30T23:18:42.609+0000] {processor.py:841} WARNING - No viable dags retrieved from /opt/airflow/dags/weather_etl_dag.py
[2025-04-30T23:18:42.643+0000] {processor.py:179} INFO - Processing /opt/airflow/dags/weather_etl_dag.py took 0.052 seconds
[2025-04-30T23:19:12.830+0000] {processor.py:157} INFO - Started process (PID=326) to work on /opt/airflow/dags/weather_etl_dag.py
[2025-04-30T23:19:12.831+0000] {processor.py:829} INFO - Processing file /opt/airflow/dags/weather_etl_dag.py for tasks to queue
[2025-04-30T23:19:12.832+0000] {logging_mixin.py:151} INFO - [2025-04-30T23:19:12.832+0000] {dagbag.py:539} INFO - Filling up the DagBag from /opt/airflow/dags/weather_etl_dag.py
[2025-04-30T23:19:12.839+0000] {logging_mixin.py:151} INFO - [2025-04-30T23:19:12.837+0000] {dagbag.py:347} ERROR - Failed to import: /opt/airflow/dags/weather_etl_dag.py
Traceback (most recent call last):
  File "/home/airflow/.local/lib/python3.8/site-packages/airflow/models/dagbag.py", line 343, in parse
    loader.exec_module(new_module)
  File "<frozen importlib._bootstrap_external>", line 843, in exec_module
  File "<frozen importlib._bootstrap>", line 219, in _call_with_frames_removed
  File "/opt/airflow/dags/weather_etl_dag.py", line 10, in <module>
    from etl.extractors.inmet_extractor import INMETExtractor
ModuleNotFoundError: No module named 'etl'
[2025-04-30T23:19:12.840+0000] {processor.py:841} WARNING - No viable dags retrieved from /opt/airflow/dags/weather_etl_dag.py
[2025-04-30T23:19:12.887+0000] {processor.py:179} INFO - Processing /opt/airflow/dags/weather_etl_dag.py took 0.064 seconds
[2025-04-30T23:19:43.067+0000] {processor.py:157} INFO - Started process (PID=331) to work on /opt/airflow/dags/weather_etl_dag.py
[2025-04-30T23:19:43.068+0000] {processor.py:829} INFO - Processing file /opt/airflow/dags/weather_etl_dag.py for tasks to queue
[2025-04-30T23:19:43.069+0000] {logging_mixin.py:151} INFO - [2025-04-30T23:19:43.069+0000] {dagbag.py:539} INFO - Filling up the DagBag from /opt/airflow/dags/weather_etl_dag.py
[2025-04-30T23:19:43.075+0000] {logging_mixin.py:151} INFO - [2025-04-30T23:19:43.073+0000] {dagbag.py:347} ERROR - Failed to import: /opt/airflow/dags/weather_etl_dag.py
Traceback (most recent call last):
  File "/home/airflow/.local/lib/python3.8/site-packages/airflow/models/dagbag.py", line 343, in parse
    loader.exec_module(new_module)
  File "<frozen importlib._bootstrap_external>", line 843, in exec_module
  File "<frozen importlib._bootstrap>", line 219, in _call_with_frames_removed
  File "/opt/airflow/dags/weather_etl_dag.py", line 10, in <module>
    from etl.extractors.inmet_extractor import INMETExtractor
ModuleNotFoundError: No module named 'etl'
[2025-04-30T23:19:43.075+0000] {processor.py:841} WARNING - No viable dags retrieved from /opt/airflow/dags/weather_etl_dag.py
[2025-04-30T23:19:43.106+0000] {processor.py:179} INFO - Processing /opt/airflow/dags/weather_etl_dag.py took 0.044 seconds
[2025-04-30T23:20:13.311+0000] {processor.py:157} INFO - Started process (PID=336) to work on /opt/airflow/dags/weather_etl_dag.py
[2025-04-30T23:20:13.312+0000] {processor.py:829} INFO - Processing file /opt/airflow/dags/weather_etl_dag.py for tasks to queue
[2025-04-30T23:20:13.314+0000] {logging_mixin.py:151} INFO - [2025-04-30T23:20:13.313+0000] {dagbag.py:539} INFO - Filling up the DagBag from /opt/airflow/dags/weather_etl_dag.py
[2025-04-30T23:20:13.321+0000] {logging_mixin.py:151} INFO - [2025-04-30T23:20:13.319+0000] {dagbag.py:347} ERROR - Failed to import: /opt/airflow/dags/weather_etl_dag.py
Traceback (most recent call last):
  File "/home/airflow/.local/lib/python3.8/site-packages/airflow/models/dagbag.py", line 343, in parse
    loader.exec_module(new_module)
  File "<frozen importlib._bootstrap_external>", line 843, in exec_module
  File "<frozen importlib._bootstrap>", line 219, in _call_with_frames_removed
  File "/opt/airflow/dags/weather_etl_dag.py", line 10, in <module>
    from etl.extractors.inmet_extractor import INMETExtractor
ModuleNotFoundError: No module named 'etl'
[2025-04-30T23:20:13.321+0000] {processor.py:841} WARNING - No viable dags retrieved from /opt/airflow/dags/weather_etl_dag.py
[2025-04-30T23:20:13.362+0000] {processor.py:179} INFO - Processing /opt/airflow/dags/weather_etl_dag.py took 0.057 seconds
[2025-04-30T23:20:43.508+0000] {processor.py:157} INFO - Started process (PID=341) to work on /opt/airflow/dags/weather_etl_dag.py
[2025-04-30T23:20:43.509+0000] {processor.py:829} INFO - Processing file /opt/airflow/dags/weather_etl_dag.py for tasks to queue
[2025-04-30T23:20:43.510+0000] {logging_mixin.py:151} INFO - [2025-04-30T23:20:43.509+0000] {dagbag.py:539} INFO - Filling up the DagBag from /opt/airflow/dags/weather_etl_dag.py
[2025-04-30T23:20:43.514+0000] {logging_mixin.py:151} INFO - [2025-04-30T23:20:43.513+0000] {dagbag.py:347} ERROR - Failed to import: /opt/airflow/dags/weather_etl_dag.py
Traceback (most recent call last):
  File "/home/airflow/.local/lib/python3.8/site-packages/airflow/models/dagbag.py", line 343, in parse
    loader.exec_module(new_module)
  File "<frozen importlib._bootstrap_external>", line 843, in exec_module
  File "<frozen importlib._bootstrap>", line 219, in _call_with_frames_removed
  File "/opt/airflow/dags/weather_etl_dag.py", line 10, in <module>
    from etl.extractors.inmet_extractor import INMETExtractor
ModuleNotFoundError: No module named 'etl'
[2025-04-30T23:20:43.515+0000] {processor.py:841} WARNING - No viable dags retrieved from /opt/airflow/dags/weather_etl_dag.py
[2025-04-30T23:20:43.542+0000] {processor.py:179} INFO - Processing /opt/airflow/dags/weather_etl_dag.py took 0.038 seconds
[2025-04-30T23:21:13.774+0000] {processor.py:157} INFO - Started process (PID=346) to work on /opt/airflow/dags/weather_etl_dag.py
[2025-04-30T23:21:13.776+0000] {processor.py:829} INFO - Processing file /opt/airflow/dags/weather_etl_dag.py for tasks to queue
[2025-04-30T23:21:13.778+0000] {logging_mixin.py:151} INFO - [2025-04-30T23:21:13.777+0000] {dagbag.py:539} INFO - Filling up the DagBag from /opt/airflow/dags/weather_etl_dag.py
[2025-04-30T23:21:13.787+0000] {logging_mixin.py:151} INFO - [2025-04-30T23:21:13.784+0000] {dagbag.py:347} ERROR - Failed to import: /opt/airflow/dags/weather_etl_dag.py
Traceback (most recent call last):
  File "/home/airflow/.local/lib/python3.8/site-packages/airflow/models/dagbag.py", line 343, in parse
    loader.exec_module(new_module)
  File "<frozen importlib._bootstrap_external>", line 843, in exec_module
  File "<frozen importlib._bootstrap>", line 219, in _call_with_frames_removed
  File "/opt/airflow/dags/weather_etl_dag.py", line 10, in <module>
    from etl.extractors.inmet_extractor import INMETExtractor
ModuleNotFoundError: No module named 'etl'
[2025-04-30T23:21:13.788+0000] {processor.py:841} WARNING - No viable dags retrieved from /opt/airflow/dags/weather_etl_dag.py
[2025-04-30T23:21:13.832+0000] {processor.py:179} INFO - Processing /opt/airflow/dags/weather_etl_dag.py took 0.063 seconds
[2025-04-30T23:21:43.988+0000] {processor.py:157} INFO - Started process (PID=351) to work on /opt/airflow/dags/weather_etl_dag.py
[2025-04-30T23:21:43.990+0000] {processor.py:829} INFO - Processing file /opt/airflow/dags/weather_etl_dag.py for tasks to queue
[2025-04-30T23:21:43.991+0000] {logging_mixin.py:151} INFO - [2025-04-30T23:21:43.991+0000] {dagbag.py:539} INFO - Filling up the DagBag from /opt/airflow/dags/weather_etl_dag.py
[2025-04-30T23:21:44.002+0000] {logging_mixin.py:151} INFO - [2025-04-30T23:21:43.998+0000] {dagbag.py:347} ERROR - Failed to import: /opt/airflow/dags/weather_etl_dag.py
Traceback (most recent call last):
  File "/home/airflow/.local/lib/python3.8/site-packages/airflow/models/dagbag.py", line 343, in parse
    loader.exec_module(new_module)
  File "<frozen importlib._bootstrap_external>", line 843, in exec_module
  File "<frozen importlib._bootstrap>", line 219, in _call_with_frames_removed
  File "/opt/airflow/dags/weather_etl_dag.py", line 10, in <module>
    from etl.extractors.inmet_extractor import INMETExtractor
ModuleNotFoundError: No module named 'etl'
[2025-04-30T23:21:44.003+0000] {processor.py:841} WARNING - No viable dags retrieved from /opt/airflow/dags/weather_etl_dag.py
[2025-04-30T23:21:44.053+0000] {processor.py:179} INFO - Processing /opt/airflow/dags/weather_etl_dag.py took 0.072 seconds
[2025-04-30T23:22:14.250+0000] {processor.py:157} INFO - Started process (PID=356) to work on /opt/airflow/dags/weather_etl_dag.py
[2025-04-30T23:22:14.251+0000] {processor.py:829} INFO - Processing file /opt/airflow/dags/weather_etl_dag.py for tasks to queue
[2025-04-30T23:22:14.252+0000] {logging_mixin.py:151} INFO - [2025-04-30T23:22:14.251+0000] {dagbag.py:539} INFO - Filling up the DagBag from /opt/airflow/dags/weather_etl_dag.py
[2025-04-30T23:22:14.257+0000] {logging_mixin.py:151} INFO - [2025-04-30T23:22:14.256+0000] {dagbag.py:347} ERROR - Failed to import: /opt/airflow/dags/weather_etl_dag.py
Traceback (most recent call last):
  File "/home/airflow/.local/lib/python3.8/site-packages/airflow/models/dagbag.py", line 343, in parse
    loader.exec_module(new_module)
  File "<frozen importlib._bootstrap_external>", line 843, in exec_module
  File "<frozen importlib._bootstrap>", line 219, in _call_with_frames_removed
  File "/opt/airflow/dags/weather_etl_dag.py", line 10, in <module>
    from etl.extractors.inmet_extractor import INMETExtractor
ModuleNotFoundError: No module named 'etl'
[2025-04-30T23:22:14.258+0000] {processor.py:841} WARNING - No viable dags retrieved from /opt/airflow/dags/weather_etl_dag.py
[2025-04-30T23:22:14.283+0000] {processor.py:179} INFO - Processing /opt/airflow/dags/weather_etl_dag.py took 0.038 seconds
[2025-04-30T23:22:44.468+0000] {processor.py:157} INFO - Started process (PID=361) to work on /opt/airflow/dags/weather_etl_dag.py
[2025-04-30T23:22:44.471+0000] {processor.py:829} INFO - Processing file /opt/airflow/dags/weather_etl_dag.py for tasks to queue
[2025-04-30T23:22:44.472+0000] {logging_mixin.py:151} INFO - [2025-04-30T23:22:44.472+0000] {dagbag.py:539} INFO - Filling up the DagBag from /opt/airflow/dags/weather_etl_dag.py
[2025-04-30T23:22:44.477+0000] {logging_mixin.py:151} INFO - [2025-04-30T23:22:44.476+0000] {dagbag.py:347} ERROR - Failed to import: /opt/airflow/dags/weather_etl_dag.py
Traceback (most recent call last):
  File "/home/airflow/.local/lib/python3.8/site-packages/airflow/models/dagbag.py", line 343, in parse
    loader.exec_module(new_module)
  File "<frozen importlib._bootstrap_external>", line 843, in exec_module
  File "<frozen importlib._bootstrap>", line 219, in _call_with_frames_removed
  File "/opt/airflow/dags/weather_etl_dag.py", line 10, in <module>
    from etl.extractors.inmet_extractor import INMETExtractor
ModuleNotFoundError: No module named 'etl'
[2025-04-30T23:22:44.478+0000] {processor.py:841} WARNING - No viable dags retrieved from /opt/airflow/dags/weather_etl_dag.py
[2025-04-30T23:22:44.512+0000] {processor.py:179} INFO - Processing /opt/airflow/dags/weather_etl_dag.py took 0.047 seconds
[2025-04-30T23:23:14.692+0000] {processor.py:157} INFO - Started process (PID=366) to work on /opt/airflow/dags/weather_etl_dag.py
[2025-04-30T23:23:14.694+0000] {processor.py:829} INFO - Processing file /opt/airflow/dags/weather_etl_dag.py for tasks to queue
[2025-04-30T23:23:14.697+0000] {logging_mixin.py:151} INFO - [2025-04-30T23:23:14.696+0000] {dagbag.py:539} INFO - Filling up the DagBag from /opt/airflow/dags/weather_etl_dag.py
[2025-04-30T23:23:14.703+0000] {logging_mixin.py:151} INFO - [2025-04-30T23:23:14.702+0000] {dagbag.py:347} ERROR - Failed to import: /opt/airflow/dags/weather_etl_dag.py
Traceback (most recent call last):
  File "/home/airflow/.local/lib/python3.8/site-packages/airflow/models/dagbag.py", line 343, in parse
    loader.exec_module(new_module)
  File "<frozen importlib._bootstrap_external>", line 843, in exec_module
  File "<frozen importlib._bootstrap>", line 219, in _call_with_frames_removed
  File "/opt/airflow/dags/weather_etl_dag.py", line 10, in <module>
    from etl.extractors.inmet_extractor import INMETExtractor
ModuleNotFoundError: No module named 'etl'
[2025-04-30T23:23:14.704+0000] {processor.py:841} WARNING - No viable dags retrieved from /opt/airflow/dags/weather_etl_dag.py
[2025-04-30T23:23:14.751+0000] {processor.py:179} INFO - Processing /opt/airflow/dags/weather_etl_dag.py took 0.067 seconds
[2025-04-30T23:23:44.944+0000] {processor.py:157} INFO - Started process (PID=371) to work on /opt/airflow/dags/weather_etl_dag.py
[2025-04-30T23:23:44.947+0000] {processor.py:829} INFO - Processing file /opt/airflow/dags/weather_etl_dag.py for tasks to queue
[2025-04-30T23:23:44.949+0000] {logging_mixin.py:151} INFO - [2025-04-30T23:23:44.948+0000] {dagbag.py:539} INFO - Filling up the DagBag from /opt/airflow/dags/weather_etl_dag.py
[2025-04-30T23:23:44.955+0000] {logging_mixin.py:151} INFO - [2025-04-30T23:23:44.954+0000] {dagbag.py:347} ERROR - Failed to import: /opt/airflow/dags/weather_etl_dag.py
Traceback (most recent call last):
  File "/home/airflow/.local/lib/python3.8/site-packages/airflow/models/dagbag.py", line 343, in parse
    loader.exec_module(new_module)
  File "<frozen importlib._bootstrap_external>", line 843, in exec_module
  File "<frozen importlib._bootstrap>", line 219, in _call_with_frames_removed
  File "/opt/airflow/dags/weather_etl_dag.py", line 10, in <module>
    from etl.extractors.inmet_extractor import INMETExtractor
ModuleNotFoundError: No module named 'etl'
[2025-04-30T23:23:44.956+0000] {processor.py:841} WARNING - No viable dags retrieved from /opt/airflow/dags/weather_etl_dag.py
[2025-04-30T23:23:44.994+0000] {processor.py:179} INFO - Processing /opt/airflow/dags/weather_etl_dag.py took 0.057 seconds
[2025-04-30T23:24:15.187+0000] {processor.py:157} INFO - Started process (PID=376) to work on /opt/airflow/dags/weather_etl_dag.py
[2025-04-30T23:24:15.188+0000] {processor.py:829} INFO - Processing file /opt/airflow/dags/weather_etl_dag.py for tasks to queue
[2025-04-30T23:24:15.189+0000] {logging_mixin.py:151} INFO - [2025-04-30T23:24:15.189+0000] {dagbag.py:539} INFO - Filling up the DagBag from /opt/airflow/dags/weather_etl_dag.py
[2025-04-30T23:24:15.197+0000] {logging_mixin.py:151} INFO - [2025-04-30T23:24:15.195+0000] {dagbag.py:347} ERROR - Failed to import: /opt/airflow/dags/weather_etl_dag.py
Traceback (most recent call last):
  File "/home/airflow/.local/lib/python3.8/site-packages/airflow/models/dagbag.py", line 343, in parse
    loader.exec_module(new_module)
  File "<frozen importlib._bootstrap_external>", line 843, in exec_module
  File "<frozen importlib._bootstrap>", line 219, in _call_with_frames_removed
  File "/opt/airflow/dags/weather_etl_dag.py", line 10, in <module>
    from etl.extractors.inmet_extractor import INMETExtractor
ModuleNotFoundError: No module named 'etl'
[2025-04-30T23:24:15.198+0000] {processor.py:841} WARNING - No viable dags retrieved from /opt/airflow/dags/weather_etl_dag.py
[2025-04-30T23:24:15.248+0000] {processor.py:179} INFO - Processing /opt/airflow/dags/weather_etl_dag.py took 0.068 seconds
[2025-04-30T23:24:45.418+0000] {processor.py:157} INFO - Started process (PID=381) to work on /opt/airflow/dags/weather_etl_dag.py
[2025-04-30T23:24:45.422+0000] {processor.py:829} INFO - Processing file /opt/airflow/dags/weather_etl_dag.py for tasks to queue
[2025-04-30T23:24:45.423+0000] {logging_mixin.py:151} INFO - [2025-04-30T23:24:45.422+0000] {dagbag.py:539} INFO - Filling up the DagBag from /opt/airflow/dags/weather_etl_dag.py
[2025-04-30T23:24:45.428+0000] {logging_mixin.py:151} INFO - [2025-04-30T23:24:45.426+0000] {dagbag.py:347} ERROR - Failed to import: /opt/airflow/dags/weather_etl_dag.py
Traceback (most recent call last):
  File "/home/airflow/.local/lib/python3.8/site-packages/airflow/models/dagbag.py", line 343, in parse
    loader.exec_module(new_module)
  File "<frozen importlib._bootstrap_external>", line 843, in exec_module
  File "<frozen importlib._bootstrap>", line 219, in _call_with_frames_removed
  File "/opt/airflow/dags/weather_etl_dag.py", line 10, in <module>
    from etl.extractors.inmet_extractor import INMETExtractor
ModuleNotFoundError: No module named 'etl'
[2025-04-30T23:24:45.428+0000] {processor.py:841} WARNING - No viable dags retrieved from /opt/airflow/dags/weather_etl_dag.py
[2025-04-30T23:24:45.465+0000] {processor.py:179} INFO - Processing /opt/airflow/dags/weather_etl_dag.py took 0.054 seconds
[2025-04-30T23:25:15.678+0000] {processor.py:157} INFO - Started process (PID=386) to work on /opt/airflow/dags/weather_etl_dag.py
[2025-04-30T23:25:15.679+0000] {processor.py:829} INFO - Processing file /opt/airflow/dags/weather_etl_dag.py for tasks to queue
[2025-04-30T23:25:15.680+0000] {logging_mixin.py:151} INFO - [2025-04-30T23:25:15.680+0000] {dagbag.py:539} INFO - Filling up the DagBag from /opt/airflow/dags/weather_etl_dag.py
[2025-04-30T23:25:15.686+0000] {logging_mixin.py:151} INFO - [2025-04-30T23:25:15.684+0000] {dagbag.py:347} ERROR - Failed to import: /opt/airflow/dags/weather_etl_dag.py
Traceback (most recent call last):
  File "/home/airflow/.local/lib/python3.8/site-packages/airflow/models/dagbag.py", line 343, in parse
    loader.exec_module(new_module)
  File "<frozen importlib._bootstrap_external>", line 843, in exec_module
  File "<frozen importlib._bootstrap>", line 219, in _call_with_frames_removed
  File "/opt/airflow/dags/weather_etl_dag.py", line 10, in <module>
    from etl.extractors.inmet_extractor import INMETExtractor
ModuleNotFoundError: No module named 'etl'
[2025-04-30T23:25:15.686+0000] {processor.py:841} WARNING - No viable dags retrieved from /opt/airflow/dags/weather_etl_dag.py
[2025-04-30T23:25:15.709+0000] {processor.py:179} INFO - Processing /opt/airflow/dags/weather_etl_dag.py took 0.036 seconds
[2025-04-30T23:25:45.902+0000] {processor.py:157} INFO - Started process (PID=391) to work on /opt/airflow/dags/weather_etl_dag.py
[2025-04-30T23:25:45.904+0000] {processor.py:829} INFO - Processing file /opt/airflow/dags/weather_etl_dag.py for tasks to queue
[2025-04-30T23:25:45.905+0000] {logging_mixin.py:151} INFO - [2025-04-30T23:25:45.905+0000] {dagbag.py:539} INFO - Filling up the DagBag from /opt/airflow/dags/weather_etl_dag.py
[2025-04-30T23:25:45.913+0000] {logging_mixin.py:151} INFO - [2025-04-30T23:25:45.911+0000] {dagbag.py:347} ERROR - Failed to import: /opt/airflow/dags/weather_etl_dag.py
Traceback (most recent call last):
  File "/home/airflow/.local/lib/python3.8/site-packages/airflow/models/dagbag.py", line 343, in parse
    loader.exec_module(new_module)
  File "<frozen importlib._bootstrap_external>", line 843, in exec_module
  File "<frozen importlib._bootstrap>", line 219, in _call_with_frames_removed
  File "/opt/airflow/dags/weather_etl_dag.py", line 10, in <module>
    from etl.extractors.inmet_extractor import INMETExtractor
ModuleNotFoundError: No module named 'etl'
[2025-04-30T23:25:45.913+0000] {processor.py:841} WARNING - No viable dags retrieved from /opt/airflow/dags/weather_etl_dag.py
[2025-04-30T23:25:45.948+0000] {processor.py:179} INFO - Processing /opt/airflow/dags/weather_etl_dag.py took 0.050 seconds
[2025-04-30T23:26:16.122+0000] {processor.py:157} INFO - Started process (PID=396) to work on /opt/airflow/dags/weather_etl_dag.py
[2025-04-30T23:26:16.123+0000] {processor.py:829} INFO - Processing file /opt/airflow/dags/weather_etl_dag.py for tasks to queue
[2025-04-30T23:26:16.124+0000] {logging_mixin.py:151} INFO - [2025-04-30T23:26:16.124+0000] {dagbag.py:539} INFO - Filling up the DagBag from /opt/airflow/dags/weather_etl_dag.py
[2025-04-30T23:26:16.132+0000] {logging_mixin.py:151} INFO - [2025-04-30T23:26:16.130+0000] {dagbag.py:347} ERROR - Failed to import: /opt/airflow/dags/weather_etl_dag.py
Traceback (most recent call last):
  File "/home/airflow/.local/lib/python3.8/site-packages/airflow/models/dagbag.py", line 343, in parse
    loader.exec_module(new_module)
  File "<frozen importlib._bootstrap_external>", line 843, in exec_module
  File "<frozen importlib._bootstrap>", line 219, in _call_with_frames_removed
  File "/opt/airflow/dags/weather_etl_dag.py", line 10, in <module>
    from etl.extractors.inmet_extractor import INMETExtractor
ModuleNotFoundError: No module named 'etl'
[2025-04-30T23:26:16.133+0000] {processor.py:841} WARNING - No viable dags retrieved from /opt/airflow/dags/weather_etl_dag.py
[2025-04-30T23:26:16.172+0000] {processor.py:179} INFO - Processing /opt/airflow/dags/weather_etl_dag.py took 0.057 seconds
[2025-04-30T23:26:46.350+0000] {processor.py:157} INFO - Started process (PID=401) to work on /opt/airflow/dags/weather_etl_dag.py
[2025-04-30T23:26:46.353+0000] {processor.py:829} INFO - Processing file /opt/airflow/dags/weather_etl_dag.py for tasks to queue
[2025-04-30T23:26:46.355+0000] {logging_mixin.py:151} INFO - [2025-04-30T23:26:46.354+0000] {dagbag.py:539} INFO - Filling up the DagBag from /opt/airflow/dags/weather_etl_dag.py
[2025-04-30T23:26:46.360+0000] {logging_mixin.py:151} INFO - [2025-04-30T23:26:46.359+0000] {dagbag.py:347} ERROR - Failed to import: /opt/airflow/dags/weather_etl_dag.py
Traceback (most recent call last):
  File "/home/airflow/.local/lib/python3.8/site-packages/airflow/models/dagbag.py", line 343, in parse
    loader.exec_module(new_module)
  File "<frozen importlib._bootstrap_external>", line 843, in exec_module
  File "<frozen importlib._bootstrap>", line 219, in _call_with_frames_removed
  File "/opt/airflow/dags/weather_etl_dag.py", line 10, in <module>
    from etl.extractors.inmet_extractor import INMETExtractor
ModuleNotFoundError: No module named 'etl'
[2025-04-30T23:26:46.360+0000] {processor.py:841} WARNING - No viable dags retrieved from /opt/airflow/dags/weather_etl_dag.py
[2025-04-30T23:26:46.386+0000] {processor.py:179} INFO - Processing /opt/airflow/dags/weather_etl_dag.py took 0.040 seconds
[2025-04-30T23:27:16.604+0000] {processor.py:157} INFO - Started process (PID=406) to work on /opt/airflow/dags/weather_etl_dag.py
[2025-04-30T23:27:16.605+0000] {processor.py:829} INFO - Processing file /opt/airflow/dags/weather_etl_dag.py for tasks to queue
[2025-04-30T23:27:16.606+0000] {logging_mixin.py:151} INFO - [2025-04-30T23:27:16.606+0000] {dagbag.py:539} INFO - Filling up the DagBag from /opt/airflow/dags/weather_etl_dag.py
[2025-04-30T23:27:16.611+0000] {logging_mixin.py:151} INFO - [2025-04-30T23:27:16.610+0000] {dagbag.py:347} ERROR - Failed to import: /opt/airflow/dags/weather_etl_dag.py
Traceback (most recent call last):
  File "/home/airflow/.local/lib/python3.8/site-packages/airflow/models/dagbag.py", line 343, in parse
    loader.exec_module(new_module)
  File "<frozen importlib._bootstrap_external>", line 843, in exec_module
  File "<frozen importlib._bootstrap>", line 219, in _call_with_frames_removed
  File "/opt/airflow/dags/weather_etl_dag.py", line 10, in <module>
    from etl.extractors.inmet_extractor import INMETExtractor
ModuleNotFoundError: No module named 'etl'
[2025-04-30T23:27:16.612+0000] {processor.py:841} WARNING - No viable dags retrieved from /opt/airflow/dags/weather_etl_dag.py
[2025-04-30T23:27:16.638+0000] {processor.py:179} INFO - Processing /opt/airflow/dags/weather_etl_dag.py took 0.040 seconds
[2025-04-30T23:27:46.829+0000] {processor.py:157} INFO - Started process (PID=411) to work on /opt/airflow/dags/weather_etl_dag.py
[2025-04-30T23:27:46.832+0000] {processor.py:829} INFO - Processing file /opt/airflow/dags/weather_etl_dag.py for tasks to queue
[2025-04-30T23:27:46.833+0000] {logging_mixin.py:151} INFO - [2025-04-30T23:27:46.833+0000] {dagbag.py:539} INFO - Filling up the DagBag from /opt/airflow/dags/weather_etl_dag.py
[2025-04-30T23:27:46.838+0000] {logging_mixin.py:151} INFO - [2025-04-30T23:27:46.837+0000] {dagbag.py:347} ERROR - Failed to import: /opt/airflow/dags/weather_etl_dag.py
Traceback (most recent call last):
  File "/home/airflow/.local/lib/python3.8/site-packages/airflow/models/dagbag.py", line 343, in parse
    loader.exec_module(new_module)
  File "<frozen importlib._bootstrap_external>", line 843, in exec_module
  File "<frozen importlib._bootstrap>", line 219, in _call_with_frames_removed
  File "/opt/airflow/dags/weather_etl_dag.py", line 10, in <module>
    from etl.extractors.inmet_extractor import INMETExtractor
ModuleNotFoundError: No module named 'etl'
[2025-04-30T23:27:46.839+0000] {processor.py:841} WARNING - No viable dags retrieved from /opt/airflow/dags/weather_etl_dag.py
[2025-04-30T23:27:46.870+0000] {processor.py:179} INFO - Processing /opt/airflow/dags/weather_etl_dag.py took 0.045 seconds
[2025-04-30T23:28:17.053+0000] {processor.py:157} INFO - Started process (PID=416) to work on /opt/airflow/dags/weather_etl_dag.py
[2025-04-30T23:28:17.054+0000] {processor.py:829} INFO - Processing file /opt/airflow/dags/weather_etl_dag.py for tasks to queue
[2025-04-30T23:28:17.055+0000] {logging_mixin.py:151} INFO - [2025-04-30T23:28:17.055+0000] {dagbag.py:539} INFO - Filling up the DagBag from /opt/airflow/dags/weather_etl_dag.py
[2025-04-30T23:28:17.061+0000] {logging_mixin.py:151} INFO - [2025-04-30T23:28:17.059+0000] {dagbag.py:347} ERROR - Failed to import: /opt/airflow/dags/weather_etl_dag.py
Traceback (most recent call last):
  File "/home/airflow/.local/lib/python3.8/site-packages/airflow/models/dagbag.py", line 343, in parse
    loader.exec_module(new_module)
  File "<frozen importlib._bootstrap_external>", line 843, in exec_module
  File "<frozen importlib._bootstrap>", line 219, in _call_with_frames_removed
  File "/opt/airflow/dags/weather_etl_dag.py", line 10, in <module>
    from etl.extractors.inmet_extractor import INMETExtractor
ModuleNotFoundError: No module named 'etl'
[2025-04-30T23:28:17.061+0000] {processor.py:841} WARNING - No viable dags retrieved from /opt/airflow/dags/weather_etl_dag.py
[2025-04-30T23:28:17.086+0000] {processor.py:179} INFO - Processing /opt/airflow/dags/weather_etl_dag.py took 0.039 seconds
[2025-04-30T23:28:47.266+0000] {processor.py:157} INFO - Started process (PID=421) to work on /opt/airflow/dags/weather_etl_dag.py
[2025-04-30T23:28:47.267+0000] {processor.py:829} INFO - Processing file /opt/airflow/dags/weather_etl_dag.py for tasks to queue
[2025-04-30T23:28:47.268+0000] {logging_mixin.py:151} INFO - [2025-04-30T23:28:47.268+0000] {dagbag.py:539} INFO - Filling up the DagBag from /opt/airflow/dags/weather_etl_dag.py
[2025-04-30T23:28:47.273+0000] {logging_mixin.py:151} INFO - [2025-04-30T23:28:47.272+0000] {dagbag.py:347} ERROR - Failed to import: /opt/airflow/dags/weather_etl_dag.py
Traceback (most recent call last):
  File "/home/airflow/.local/lib/python3.8/site-packages/airflow/models/dagbag.py", line 343, in parse
    loader.exec_module(new_module)
  File "<frozen importlib._bootstrap_external>", line 843, in exec_module
  File "<frozen importlib._bootstrap>", line 219, in _call_with_frames_removed
  File "/opt/airflow/dags/weather_etl_dag.py", line 10, in <module>
    from etl.extractors.inmet_extractor import INMETExtractor
ModuleNotFoundError: No module named 'etl'
[2025-04-30T23:28:47.273+0000] {processor.py:841} WARNING - No viable dags retrieved from /opt/airflow/dags/weather_etl_dag.py
[2025-04-30T23:28:47.300+0000] {processor.py:179} INFO - Processing /opt/airflow/dags/weather_etl_dag.py took 0.037 seconds
[2025-04-30T23:29:17.477+0000] {processor.py:157} INFO - Started process (PID=426) to work on /opt/airflow/dags/weather_etl_dag.py
[2025-04-30T23:29:17.478+0000] {processor.py:829} INFO - Processing file /opt/airflow/dags/weather_etl_dag.py for tasks to queue
[2025-04-30T23:29:17.479+0000] {logging_mixin.py:151} INFO - [2025-04-30T23:29:17.478+0000] {dagbag.py:539} INFO - Filling up the DagBag from /opt/airflow/dags/weather_etl_dag.py
[2025-04-30T23:29:17.484+0000] {logging_mixin.py:151} INFO - [2025-04-30T23:29:17.482+0000] {dagbag.py:347} ERROR - Failed to import: /opt/airflow/dags/weather_etl_dag.py
Traceback (most recent call last):
  File "/home/airflow/.local/lib/python3.8/site-packages/airflow/models/dagbag.py", line 343, in parse
    loader.exec_module(new_module)
  File "<frozen importlib._bootstrap_external>", line 843, in exec_module
  File "<frozen importlib._bootstrap>", line 219, in _call_with_frames_removed
  File "/opt/airflow/dags/weather_etl_dag.py", line 10, in <module>
    from etl.extractors.inmet_extractor import INMETExtractor
ModuleNotFoundError: No module named 'etl'
[2025-04-30T23:29:17.484+0000] {processor.py:841} WARNING - No viable dags retrieved from /opt/airflow/dags/weather_etl_dag.py
[2025-04-30T23:29:17.514+0000] {processor.py:179} INFO - Processing /opt/airflow/dags/weather_etl_dag.py took 0.042 seconds
[2025-04-30T23:29:47.721+0000] {processor.py:157} INFO - Started process (PID=431) to work on /opt/airflow/dags/weather_etl_dag.py
[2025-04-30T23:29:47.724+0000] {processor.py:829} INFO - Processing file /opt/airflow/dags/weather_etl_dag.py for tasks to queue
[2025-04-30T23:29:47.725+0000] {logging_mixin.py:151} INFO - [2025-04-30T23:29:47.725+0000] {dagbag.py:539} INFO - Filling up the DagBag from /opt/airflow/dags/weather_etl_dag.py
[2025-04-30T23:29:47.734+0000] {logging_mixin.py:151} INFO - [2025-04-30T23:29:47.731+0000] {dagbag.py:347} ERROR - Failed to import: /opt/airflow/dags/weather_etl_dag.py
Traceback (most recent call last):
  File "/home/airflow/.local/lib/python3.8/site-packages/airflow/models/dagbag.py", line 343, in parse
    loader.exec_module(new_module)
  File "<frozen importlib._bootstrap_external>", line 843, in exec_module
  File "<frozen importlib._bootstrap>", line 219, in _call_with_frames_removed
  File "/opt/airflow/dags/weather_etl_dag.py", line 10, in <module>
    from etl.extractors.inmet_extractor import INMETExtractor
ModuleNotFoundError: No module named 'etl'
[2025-04-30T23:29:47.735+0000] {processor.py:841} WARNING - No viable dags retrieved from /opt/airflow/dags/weather_etl_dag.py
[2025-04-30T23:29:47.776+0000] {processor.py:179} INFO - Processing /opt/airflow/dags/weather_etl_dag.py took 0.063 seconds
[2025-04-30T23:30:17.926+0000] {processor.py:157} INFO - Started process (PID=436) to work on /opt/airflow/dags/weather_etl_dag.py
[2025-04-30T23:30:17.927+0000] {processor.py:829} INFO - Processing file /opt/airflow/dags/weather_etl_dag.py for tasks to queue
[2025-04-30T23:30:17.928+0000] {logging_mixin.py:151} INFO - [2025-04-30T23:30:17.928+0000] {dagbag.py:539} INFO - Filling up the DagBag from /opt/airflow/dags/weather_etl_dag.py
[2025-04-30T23:30:17.933+0000] {logging_mixin.py:151} INFO - [2025-04-30T23:30:17.932+0000] {dagbag.py:347} ERROR - Failed to import: /opt/airflow/dags/weather_etl_dag.py
Traceback (most recent call last):
  File "/home/airflow/.local/lib/python3.8/site-packages/airflow/models/dagbag.py", line 343, in parse
    loader.exec_module(new_module)
  File "<frozen importlib._bootstrap_external>", line 843, in exec_module
  File "<frozen importlib._bootstrap>", line 219, in _call_with_frames_removed
  File "/opt/airflow/dags/weather_etl_dag.py", line 10, in <module>
    from etl.extractors.inmet_extractor import INMETExtractor
ModuleNotFoundError: No module named 'etl'
[2025-04-30T23:30:17.934+0000] {processor.py:841} WARNING - No viable dags retrieved from /opt/airflow/dags/weather_etl_dag.py
[2025-04-30T23:30:17.959+0000] {processor.py:179} INFO - Processing /opt/airflow/dags/weather_etl_dag.py took 0.037 seconds
[2025-04-30T23:30:48.135+0000] {processor.py:157} INFO - Started process (PID=441) to work on /opt/airflow/dags/weather_etl_dag.py
[2025-04-30T23:30:48.138+0000] {processor.py:829} INFO - Processing file /opt/airflow/dags/weather_etl_dag.py for tasks to queue
[2025-04-30T23:30:48.140+0000] {logging_mixin.py:151} INFO - [2025-04-30T23:30:48.140+0000] {dagbag.py:539} INFO - Filling up the DagBag from /opt/airflow/dags/weather_etl_dag.py
[2025-04-30T23:30:48.149+0000] {logging_mixin.py:151} INFO - [2025-04-30T23:30:48.146+0000] {dagbag.py:347} ERROR - Failed to import: /opt/airflow/dags/weather_etl_dag.py
Traceback (most recent call last):
  File "/home/airflow/.local/lib/python3.8/site-packages/airflow/models/dagbag.py", line 343, in parse
    loader.exec_module(new_module)
  File "<frozen importlib._bootstrap_external>", line 843, in exec_module
  File "<frozen importlib._bootstrap>", line 219, in _call_with_frames_removed
  File "/opt/airflow/dags/weather_etl_dag.py", line 10, in <module>
    from etl.extractors.inmet_extractor import INMETExtractor
ModuleNotFoundError: No module named 'etl'
[2025-04-30T23:30:48.149+0000] {processor.py:841} WARNING - No viable dags retrieved from /opt/airflow/dags/weather_etl_dag.py
[2025-04-30T23:30:48.189+0000] {processor.py:179} INFO - Processing /opt/airflow/dags/weather_etl_dag.py took 0.061 seconds
[2025-04-30T23:31:18.380+0000] {processor.py:157} INFO - Started process (PID=446) to work on /opt/airflow/dags/weather_etl_dag.py
[2025-04-30T23:31:18.381+0000] {processor.py:829} INFO - Processing file /opt/airflow/dags/weather_etl_dag.py for tasks to queue
[2025-04-30T23:31:18.382+0000] {logging_mixin.py:151} INFO - [2025-04-30T23:31:18.382+0000] {dagbag.py:539} INFO - Filling up the DagBag from /opt/airflow/dags/weather_etl_dag.py
[2025-04-30T23:31:18.389+0000] {logging_mixin.py:151} INFO - [2025-04-30T23:31:18.387+0000] {dagbag.py:347} ERROR - Failed to import: /opt/airflow/dags/weather_etl_dag.py
Traceback (most recent call last):
  File "/home/airflow/.local/lib/python3.8/site-packages/airflow/models/dagbag.py", line 343, in parse
    loader.exec_module(new_module)
  File "<frozen importlib._bootstrap_external>", line 843, in exec_module
  File "<frozen importlib._bootstrap>", line 219, in _call_with_frames_removed
  File "/opt/airflow/dags/weather_etl_dag.py", line 10, in <module>
    from etl.extractors.inmet_extractor import INMETExtractor
ModuleNotFoundError: No module named 'etl'
[2025-04-30T23:31:18.390+0000] {processor.py:841} WARNING - No viable dags retrieved from /opt/airflow/dags/weather_etl_dag.py
[2025-04-30T23:31:18.432+0000] {processor.py:179} INFO - Processing /opt/airflow/dags/weather_etl_dag.py took 0.061 seconds
[2025-04-30T23:31:48.634+0000] {processor.py:157} INFO - Started process (PID=451) to work on /opt/airflow/dags/weather_etl_dag.py
[2025-04-30T23:31:48.637+0000] {processor.py:829} INFO - Processing file /opt/airflow/dags/weather_etl_dag.py for tasks to queue
[2025-04-30T23:31:48.638+0000] {logging_mixin.py:151} INFO - [2025-04-30T23:31:48.638+0000] {dagbag.py:539} INFO - Filling up the DagBag from /opt/airflow/dags/weather_etl_dag.py
[2025-04-30T23:31:48.647+0000] {logging_mixin.py:151} INFO - [2025-04-30T23:31:48.644+0000] {dagbag.py:347} ERROR - Failed to import: /opt/airflow/dags/weather_etl_dag.py
Traceback (most recent call last):
  File "/home/airflow/.local/lib/python3.8/site-packages/airflow/models/dagbag.py", line 343, in parse
    loader.exec_module(new_module)
  File "<frozen importlib._bootstrap_external>", line 843, in exec_module
  File "<frozen importlib._bootstrap>", line 219, in _call_with_frames_removed
  File "/opt/airflow/dags/weather_etl_dag.py", line 10, in <module>
    from etl.extractors.inmet_extractor import INMETExtractor
ModuleNotFoundError: No module named 'etl'
[2025-04-30T23:31:48.648+0000] {processor.py:841} WARNING - No viable dags retrieved from /opt/airflow/dags/weather_etl_dag.py
[2025-04-30T23:31:48.688+0000] {processor.py:179} INFO - Processing /opt/airflow/dags/weather_etl_dag.py took 0.062 seconds
[2025-04-30T23:32:18.866+0000] {processor.py:157} INFO - Started process (PID=456) to work on /opt/airflow/dags/weather_etl_dag.py
[2025-04-30T23:32:18.867+0000] {processor.py:829} INFO - Processing file /opt/airflow/dags/weather_etl_dag.py for tasks to queue
[2025-04-30T23:32:18.868+0000] {logging_mixin.py:151} INFO - [2025-04-30T23:32:18.868+0000] {dagbag.py:539} INFO - Filling up the DagBag from /opt/airflow/dags/weather_etl_dag.py
[2025-04-30T23:32:18.875+0000] {logging_mixin.py:151} INFO - [2025-04-30T23:32:18.873+0000] {dagbag.py:347} ERROR - Failed to import: /opt/airflow/dags/weather_etl_dag.py
Traceback (most recent call last):
  File "/home/airflow/.local/lib/python3.8/site-packages/airflow/models/dagbag.py", line 343, in parse
    loader.exec_module(new_module)
  File "<frozen importlib._bootstrap_external>", line 843, in exec_module
  File "<frozen importlib._bootstrap>", line 219, in _call_with_frames_removed
  File "/opt/airflow/dags/weather_etl_dag.py", line 10, in <module>
    from etl.extractors.inmet_extractor import INMETExtractor
ModuleNotFoundError: No module named 'etl'
[2025-04-30T23:32:18.875+0000] {processor.py:841} WARNING - No viable dags retrieved from /opt/airflow/dags/weather_etl_dag.py
[2025-04-30T23:32:18.901+0000] {processor.py:179} INFO - Processing /opt/airflow/dags/weather_etl_dag.py took 0.038 seconds
[2025-04-30T23:32:49.101+0000] {processor.py:157} INFO - Started process (PID=461) to work on /opt/airflow/dags/weather_etl_dag.py
[2025-04-30T23:32:49.105+0000] {processor.py:829} INFO - Processing file /opt/airflow/dags/weather_etl_dag.py for tasks to queue
[2025-04-30T23:32:49.106+0000] {logging_mixin.py:151} INFO - [2025-04-30T23:32:49.106+0000] {dagbag.py:539} INFO - Filling up the DagBag from /opt/airflow/dags/weather_etl_dag.py
[2025-04-30T23:32:49.114+0000] {logging_mixin.py:151} INFO - [2025-04-30T23:32:49.112+0000] {dagbag.py:347} ERROR - Failed to import: /opt/airflow/dags/weather_etl_dag.py
Traceback (most recent call last):
  File "/home/airflow/.local/lib/python3.8/site-packages/airflow/models/dagbag.py", line 343, in parse
    loader.exec_module(new_module)
  File "<frozen importlib._bootstrap_external>", line 843, in exec_module
  File "<frozen importlib._bootstrap>", line 219, in _call_with_frames_removed
  File "/opt/airflow/dags/weather_etl_dag.py", line 10, in <module>
    from etl.extractors.inmet_extractor import INMETExtractor
ModuleNotFoundError: No module named 'etl'
[2025-04-30T23:32:49.114+0000] {processor.py:841} WARNING - No viable dags retrieved from /opt/airflow/dags/weather_etl_dag.py
[2025-04-30T23:32:49.142+0000] {processor.py:179} INFO - Processing /opt/airflow/dags/weather_etl_dag.py took 0.045 seconds
[2025-04-30T23:33:19.321+0000] {processor.py:157} INFO - Started process (PID=466) to work on /opt/airflow/dags/weather_etl_dag.py
[2025-04-30T23:33:19.322+0000] {processor.py:829} INFO - Processing file /opt/airflow/dags/weather_etl_dag.py for tasks to queue
[2025-04-30T23:33:19.323+0000] {logging_mixin.py:151} INFO - [2025-04-30T23:33:19.323+0000] {dagbag.py:539} INFO - Filling up the DagBag from /opt/airflow/dags/weather_etl_dag.py
[2025-04-30T23:33:19.328+0000] {logging_mixin.py:151} INFO - [2025-04-30T23:33:19.326+0000] {dagbag.py:347} ERROR - Failed to import: /opt/airflow/dags/weather_etl_dag.py
Traceback (most recent call last):
  File "/home/airflow/.local/lib/python3.8/site-packages/airflow/models/dagbag.py", line 343, in parse
    loader.exec_module(new_module)
  File "<frozen importlib._bootstrap_external>", line 843, in exec_module
  File "<frozen importlib._bootstrap>", line 219, in _call_with_frames_removed
  File "/opt/airflow/dags/weather_etl_dag.py", line 10, in <module>
    from etl.extractors.inmet_extractor import INMETExtractor
ModuleNotFoundError: No module named 'etl'
[2025-04-30T23:33:19.328+0000] {processor.py:841} WARNING - No viable dags retrieved from /opt/airflow/dags/weather_etl_dag.py
[2025-04-30T23:33:19.357+0000] {processor.py:179} INFO - Processing /opt/airflow/dags/weather_etl_dag.py took 0.040 seconds
[2025-04-30T23:33:49.553+0000] {processor.py:157} INFO - Started process (PID=471) to work on /opt/airflow/dags/weather_etl_dag.py
[2025-04-30T23:33:49.556+0000] {processor.py:829} INFO - Processing file /opt/airflow/dags/weather_etl_dag.py for tasks to queue
[2025-04-30T23:33:49.557+0000] {logging_mixin.py:151} INFO - [2025-04-30T23:33:49.557+0000] {dagbag.py:539} INFO - Filling up the DagBag from /opt/airflow/dags/weather_etl_dag.py
[2025-04-30T23:33:49.562+0000] {logging_mixin.py:151} INFO - [2025-04-30T23:33:49.561+0000] {dagbag.py:347} ERROR - Failed to import: /opt/airflow/dags/weather_etl_dag.py
Traceback (most recent call last):
  File "/home/airflow/.local/lib/python3.8/site-packages/airflow/models/dagbag.py", line 343, in parse
    loader.exec_module(new_module)
  File "<frozen importlib._bootstrap_external>", line 843, in exec_module
  File "<frozen importlib._bootstrap>", line 219, in _call_with_frames_removed
  File "/opt/airflow/dags/weather_etl_dag.py", line 10, in <module>
    from etl.extractors.inmet_extractor import INMETExtractor
ModuleNotFoundError: No module named 'etl'
[2025-04-30T23:33:49.562+0000] {processor.py:841} WARNING - No viable dags retrieved from /opt/airflow/dags/weather_etl_dag.py
[2025-04-30T23:33:49.591+0000] {processor.py:179} INFO - Processing /opt/airflow/dags/weather_etl_dag.py took 0.041 seconds
[2025-04-30T23:34:19.773+0000] {processor.py:157} INFO - Started process (PID=476) to work on /opt/airflow/dags/weather_etl_dag.py
[2025-04-30T23:34:19.775+0000] {processor.py:829} INFO - Processing file /opt/airflow/dags/weather_etl_dag.py for tasks to queue
[2025-04-30T23:34:19.776+0000] {logging_mixin.py:151} INFO - [2025-04-30T23:34:19.775+0000] {dagbag.py:539} INFO - Filling up the DagBag from /opt/airflow/dags/weather_etl_dag.py
[2025-04-30T23:34:19.784+0000] {logging_mixin.py:151} INFO - [2025-04-30T23:34:19.781+0000] {dagbag.py:347} ERROR - Failed to import: /opt/airflow/dags/weather_etl_dag.py
Traceback (most recent call last):
  File "/home/airflow/.local/lib/python3.8/site-packages/airflow/models/dagbag.py", line 343, in parse
    loader.exec_module(new_module)
  File "<frozen importlib._bootstrap_external>", line 843, in exec_module
  File "<frozen importlib._bootstrap>", line 219, in _call_with_frames_removed
  File "/opt/airflow/dags/weather_etl_dag.py", line 10, in <module>
    from etl.extractors.inmet_extractor import INMETExtractor
ModuleNotFoundError: No module named 'etl'
[2025-04-30T23:34:19.785+0000] {processor.py:841} WARNING - No viable dags retrieved from /opt/airflow/dags/weather_etl_dag.py
[2025-04-30T23:34:19.827+0000] {processor.py:179} INFO - Processing /opt/airflow/dags/weather_etl_dag.py took 0.060 seconds
[2025-04-30T23:34:50.001+0000] {processor.py:157} INFO - Started process (PID=481) to work on /opt/airflow/dags/weather_etl_dag.py
[2025-04-30T23:34:50.004+0000] {processor.py:829} INFO - Processing file /opt/airflow/dags/weather_etl_dag.py for tasks to queue
[2025-04-30T23:34:50.005+0000] {logging_mixin.py:151} INFO - [2025-04-30T23:34:50.005+0000] {dagbag.py:539} INFO - Filling up the DagBag from /opt/airflow/dags/weather_etl_dag.py
[2025-04-30T23:34:50.011+0000] {logging_mixin.py:151} INFO - [2025-04-30T23:34:50.009+0000] {dagbag.py:347} ERROR - Failed to import: /opt/airflow/dags/weather_etl_dag.py
Traceback (most recent call last):
  File "/home/airflow/.local/lib/python3.8/site-packages/airflow/models/dagbag.py", line 343, in parse
    loader.exec_module(new_module)
  File "<frozen importlib._bootstrap_external>", line 843, in exec_module
  File "<frozen importlib._bootstrap>", line 219, in _call_with_frames_removed
  File "/opt/airflow/dags/weather_etl_dag.py", line 10, in <module>
    from etl.extractors.inmet_extractor import INMETExtractor
ModuleNotFoundError: No module named 'etl'
[2025-04-30T23:34:50.011+0000] {processor.py:841} WARNING - No viable dags retrieved from /opt/airflow/dags/weather_etl_dag.py
[2025-04-30T23:34:50.036+0000] {processor.py:179} INFO - Processing /opt/airflow/dags/weather_etl_dag.py took 0.040 seconds
[2025-04-30T23:35:20.224+0000] {processor.py:157} INFO - Started process (PID=486) to work on /opt/airflow/dags/weather_etl_dag.py
[2025-04-30T23:35:20.226+0000] {processor.py:829} INFO - Processing file /opt/airflow/dags/weather_etl_dag.py for tasks to queue
[2025-04-30T23:35:20.227+0000] {logging_mixin.py:151} INFO - [2025-04-30T23:35:20.226+0000] {dagbag.py:539} INFO - Filling up the DagBag from /opt/airflow/dags/weather_etl_dag.py
[2025-04-30T23:35:20.231+0000] {logging_mixin.py:151} INFO - [2025-04-30T23:35:20.230+0000] {dagbag.py:347} ERROR - Failed to import: /opt/airflow/dags/weather_etl_dag.py
Traceback (most recent call last):
  File "/home/airflow/.local/lib/python3.8/site-packages/airflow/models/dagbag.py", line 343, in parse
    loader.exec_module(new_module)
  File "<frozen importlib._bootstrap_external>", line 843, in exec_module
  File "<frozen importlib._bootstrap>", line 219, in _call_with_frames_removed
  File "/opt/airflow/dags/weather_etl_dag.py", line 10, in <module>
    from etl.extractors.inmet_extractor import INMETExtractor
ModuleNotFoundError: No module named 'etl'
[2025-04-30T23:35:20.231+0000] {processor.py:841} WARNING - No viable dags retrieved from /opt/airflow/dags/weather_etl_dag.py
[2025-04-30T23:35:20.259+0000] {processor.py:179} INFO - Processing /opt/airflow/dags/weather_etl_dag.py took 0.039 seconds
[2025-04-30T23:35:50.445+0000] {processor.py:157} INFO - Started process (PID=491) to work on /opt/airflow/dags/weather_etl_dag.py
[2025-04-30T23:35:50.448+0000] {processor.py:829} INFO - Processing file /opt/airflow/dags/weather_etl_dag.py for tasks to queue
[2025-04-30T23:35:50.449+0000] {logging_mixin.py:151} INFO - [2025-04-30T23:35:50.449+0000] {dagbag.py:539} INFO - Filling up the DagBag from /opt/airflow/dags/weather_etl_dag.py
[2025-04-30T23:35:50.455+0000] {logging_mixin.py:151} INFO - [2025-04-30T23:35:50.453+0000] {dagbag.py:347} ERROR - Failed to import: /opt/airflow/dags/weather_etl_dag.py
Traceback (most recent call last):
  File "/home/airflow/.local/lib/python3.8/site-packages/airflow/models/dagbag.py", line 343, in parse
    loader.exec_module(new_module)
  File "<frozen importlib._bootstrap_external>", line 843, in exec_module
  File "<frozen importlib._bootstrap>", line 219, in _call_with_frames_removed
  File "/opt/airflow/dags/weather_etl_dag.py", line 10, in <module>
    from etl.extractors.inmet_extractor import INMETExtractor
ModuleNotFoundError: No module named 'etl'
[2025-04-30T23:35:50.455+0000] {processor.py:841} WARNING - No viable dags retrieved from /opt/airflow/dags/weather_etl_dag.py
[2025-04-30T23:35:50.480+0000] {processor.py:179} INFO - Processing /opt/airflow/dags/weather_etl_dag.py took 0.039 seconds
[2025-04-30T23:36:20.655+0000] {processor.py:157} INFO - Started process (PID=496) to work on /opt/airflow/dags/weather_etl_dag.py
[2025-04-30T23:36:20.656+0000] {processor.py:829} INFO - Processing file /opt/airflow/dags/weather_etl_dag.py for tasks to queue
[2025-04-30T23:36:20.657+0000] {logging_mixin.py:151} INFO - [2025-04-30T23:36:20.657+0000] {dagbag.py:539} INFO - Filling up the DagBag from /opt/airflow/dags/weather_etl_dag.py
[2025-04-30T23:36:20.662+0000] {logging_mixin.py:151} INFO - [2025-04-30T23:36:20.661+0000] {dagbag.py:347} ERROR - Failed to import: /opt/airflow/dags/weather_etl_dag.py
Traceback (most recent call last):
  File "/home/airflow/.local/lib/python3.8/site-packages/airflow/models/dagbag.py", line 343, in parse
    loader.exec_module(new_module)
  File "<frozen importlib._bootstrap_external>", line 843, in exec_module
  File "<frozen importlib._bootstrap>", line 219, in _call_with_frames_removed
  File "/opt/airflow/dags/weather_etl_dag.py", line 10, in <module>
    from etl.extractors.inmet_extractor import INMETExtractor
ModuleNotFoundError: No module named 'etl'
[2025-04-30T23:36:20.662+0000] {processor.py:841} WARNING - No viable dags retrieved from /opt/airflow/dags/weather_etl_dag.py
[2025-04-30T23:36:20.688+0000] {processor.py:179} INFO - Processing /opt/airflow/dags/weather_etl_dag.py took 0.038 seconds
[2025-04-30T23:36:50.884+0000] {processor.py:157} INFO - Started process (PID=501) to work on /opt/airflow/dags/weather_etl_dag.py
[2025-04-30T23:36:50.887+0000] {processor.py:829} INFO - Processing file /opt/airflow/dags/weather_etl_dag.py for tasks to queue
[2025-04-30T23:36:50.889+0000] {logging_mixin.py:151} INFO - [2025-04-30T23:36:50.888+0000] {dagbag.py:539} INFO - Filling up the DagBag from /opt/airflow/dags/weather_etl_dag.py
[2025-04-30T23:36:50.896+0000] {logging_mixin.py:151} INFO - [2025-04-30T23:36:50.894+0000] {dagbag.py:347} ERROR - Failed to import: /opt/airflow/dags/weather_etl_dag.py
Traceback (most recent call last):
  File "/home/airflow/.local/lib/python3.8/site-packages/airflow/models/dagbag.py", line 343, in parse
    loader.exec_module(new_module)
  File "<frozen importlib._bootstrap_external>", line 843, in exec_module
  File "<frozen importlib._bootstrap>", line 219, in _call_with_frames_removed
  File "/opt/airflow/dags/weather_etl_dag.py", line 10, in <module>
    from etl.extractors.inmet_extractor import INMETExtractor
ModuleNotFoundError: No module named 'etl'
[2025-04-30T23:36:50.896+0000] {processor.py:841} WARNING - No viable dags retrieved from /opt/airflow/dags/weather_etl_dag.py
[2025-04-30T23:36:50.936+0000] {processor.py:179} INFO - Processing /opt/airflow/dags/weather_etl_dag.py took 0.057 seconds
[2025-04-30T23:37:21.113+0000] {processor.py:157} INFO - Started process (PID=506) to work on /opt/airflow/dags/weather_etl_dag.py
[2025-04-30T23:37:21.114+0000] {processor.py:829} INFO - Processing file /opt/airflow/dags/weather_etl_dag.py for tasks to queue
[2025-04-30T23:37:21.115+0000] {logging_mixin.py:151} INFO - [2025-04-30T23:37:21.114+0000] {dagbag.py:539} INFO - Filling up the DagBag from /opt/airflow/dags/weather_etl_dag.py
[2025-04-30T23:37:21.120+0000] {logging_mixin.py:151} INFO - [2025-04-30T23:37:21.118+0000] {dagbag.py:347} ERROR - Failed to import: /opt/airflow/dags/weather_etl_dag.py
Traceback (most recent call last):
  File "/home/airflow/.local/lib/python3.8/site-packages/airflow/models/dagbag.py", line 343, in parse
    loader.exec_module(new_module)
  File "<frozen importlib._bootstrap_external>", line 843, in exec_module
  File "<frozen importlib._bootstrap>", line 219, in _call_with_frames_removed
  File "/opt/airflow/dags/weather_etl_dag.py", line 10, in <module>
    from etl.extractors.inmet_extractor import INMETExtractor
ModuleNotFoundError: No module named 'etl'
[2025-04-30T23:37:21.121+0000] {processor.py:841} WARNING - No viable dags retrieved from /opt/airflow/dags/weather_etl_dag.py
[2025-04-30T23:37:21.161+0000] {processor.py:179} INFO - Processing /opt/airflow/dags/weather_etl_dag.py took 0.053 seconds
[2025-04-30T23:37:51.364+0000] {processor.py:157} INFO - Started process (PID=511) to work on /opt/airflow/dags/weather_etl_dag.py
[2025-04-30T23:37:51.368+0000] {processor.py:829} INFO - Processing file /opt/airflow/dags/weather_etl_dag.py for tasks to queue
[2025-04-30T23:37:51.371+0000] {logging_mixin.py:151} INFO - [2025-04-30T23:37:51.369+0000] {dagbag.py:539} INFO - Filling up the DagBag from /opt/airflow/dags/weather_etl_dag.py
[2025-04-30T23:37:51.381+0000] {logging_mixin.py:151} INFO - [2025-04-30T23:37:51.378+0000] {dagbag.py:347} ERROR - Failed to import: /opt/airflow/dags/weather_etl_dag.py
Traceback (most recent call last):
  File "/home/airflow/.local/lib/python3.8/site-packages/airflow/models/dagbag.py", line 343, in parse
    loader.exec_module(new_module)
  File "<frozen importlib._bootstrap_external>", line 843, in exec_module
  File "<frozen importlib._bootstrap>", line 219, in _call_with_frames_removed
  File "/opt/airflow/dags/weather_etl_dag.py", line 10, in <module>
    from etl.extractors.inmet_extractor import INMETExtractor
ModuleNotFoundError: No module named 'etl'
[2025-04-30T23:37:51.383+0000] {processor.py:841} WARNING - No viable dags retrieved from /opt/airflow/dags/weather_etl_dag.py
[2025-04-30T23:37:51.439+0000] {processor.py:179} INFO - Processing /opt/airflow/dags/weather_etl_dag.py took 0.080 seconds
[2025-04-30T23:38:21.592+0000] {processor.py:157} INFO - Started process (PID=516) to work on /opt/airflow/dags/weather_etl_dag.py
[2025-04-30T23:38:21.593+0000] {processor.py:829} INFO - Processing file /opt/airflow/dags/weather_etl_dag.py for tasks to queue
[2025-04-30T23:38:21.594+0000] {logging_mixin.py:151} INFO - [2025-04-30T23:38:21.594+0000] {dagbag.py:539} INFO - Filling up the DagBag from /opt/airflow/dags/weather_etl_dag.py
[2025-04-30T23:38:21.602+0000] {logging_mixin.py:151} INFO - [2025-04-30T23:38:21.599+0000] {dagbag.py:347} ERROR - Failed to import: /opt/airflow/dags/weather_etl_dag.py
Traceback (most recent call last):
  File "/home/airflow/.local/lib/python3.8/site-packages/airflow/models/dagbag.py", line 343, in parse
    loader.exec_module(new_module)
  File "<frozen importlib._bootstrap_external>", line 843, in exec_module
  File "<frozen importlib._bootstrap>", line 219, in _call_with_frames_removed
  File "/opt/airflow/dags/weather_etl_dag.py", line 10, in <module>
    from etl.extractors.inmet_extractor import INMETExtractor
ModuleNotFoundError: No module named 'etl'
[2025-04-30T23:38:21.603+0000] {processor.py:841} WARNING - No viable dags retrieved from /opt/airflow/dags/weather_etl_dag.py
[2025-04-30T23:38:21.639+0000] {processor.py:179} INFO - Processing /opt/airflow/dags/weather_etl_dag.py took 0.052 seconds
[2025-04-30T23:38:51.868+0000] {processor.py:157} INFO - Started process (PID=521) to work on /opt/airflow/dags/weather_etl_dag.py
[2025-04-30T23:38:51.871+0000] {processor.py:829} INFO - Processing file /opt/airflow/dags/weather_etl_dag.py for tasks to queue
[2025-04-30T23:38:51.872+0000] {logging_mixin.py:151} INFO - [2025-04-30T23:38:51.872+0000] {dagbag.py:539} INFO - Filling up the DagBag from /opt/airflow/dags/weather_etl_dag.py
[2025-04-30T23:38:51.877+0000] {logging_mixin.py:151} INFO - [2025-04-30T23:38:51.876+0000] {dagbag.py:347} ERROR - Failed to import: /opt/airflow/dags/weather_etl_dag.py
Traceback (most recent call last):
  File "/home/airflow/.local/lib/python3.8/site-packages/airflow/models/dagbag.py", line 343, in parse
    loader.exec_module(new_module)
  File "<frozen importlib._bootstrap_external>", line 843, in exec_module
  File "<frozen importlib._bootstrap>", line 219, in _call_with_frames_removed
  File "/opt/airflow/dags/weather_etl_dag.py", line 10, in <module>
    from etl.extractors.inmet_extractor import INMETExtractor
ModuleNotFoundError: No module named 'etl'
[2025-04-30T23:38:51.877+0000] {processor.py:841} WARNING - No viable dags retrieved from /opt/airflow/dags/weather_etl_dag.py
[2025-04-30T23:38:51.901+0000] {processor.py:179} INFO - Processing /opt/airflow/dags/weather_etl_dag.py took 0.038 seconds
[2025-04-30T23:39:22.072+0000] {processor.py:157} INFO - Started process (PID=526) to work on /opt/airflow/dags/weather_etl_dag.py
[2025-04-30T23:39:22.073+0000] {processor.py:829} INFO - Processing file /opt/airflow/dags/weather_etl_dag.py for tasks to queue
[2025-04-30T23:39:22.074+0000] {logging_mixin.py:151} INFO - [2025-04-30T23:39:22.074+0000] {dagbag.py:539} INFO - Filling up the DagBag from /opt/airflow/dags/weather_etl_dag.py
[2025-04-30T23:39:22.083+0000] {logging_mixin.py:151} INFO - [2025-04-30T23:39:22.080+0000] {dagbag.py:347} ERROR - Failed to import: /opt/airflow/dags/weather_etl_dag.py
Traceback (most recent call last):
  File "/home/airflow/.local/lib/python3.8/site-packages/airflow/models/dagbag.py", line 343, in parse
    loader.exec_module(new_module)
  File "<frozen importlib._bootstrap_external>", line 843, in exec_module
  File "<frozen importlib._bootstrap>", line 219, in _call_with_frames_removed
  File "/opt/airflow/dags/weather_etl_dag.py", line 10, in <module>
    from etl.extractors.inmet_extractor import INMETExtractor
ModuleNotFoundError: No module named 'etl'
[2025-04-30T23:39:22.084+0000] {processor.py:841} WARNING - No viable dags retrieved from /opt/airflow/dags/weather_etl_dag.py
[2025-04-30T23:39:22.112+0000] {processor.py:179} INFO - Processing /opt/airflow/dags/weather_etl_dag.py took 0.046 seconds
[2025-04-30T23:39:52.325+0000] {processor.py:157} INFO - Started process (PID=531) to work on /opt/airflow/dags/weather_etl_dag.py
[2025-04-30T23:39:52.328+0000] {processor.py:829} INFO - Processing file /opt/airflow/dags/weather_etl_dag.py for tasks to queue
[2025-04-30T23:39:52.330+0000] {logging_mixin.py:151} INFO - [2025-04-30T23:39:52.329+0000] {dagbag.py:539} INFO - Filling up the DagBag from /opt/airflow/dags/weather_etl_dag.py
[2025-04-30T23:39:52.337+0000] {logging_mixin.py:151} INFO - [2025-04-30T23:39:52.336+0000] {dagbag.py:347} ERROR - Failed to import: /opt/airflow/dags/weather_etl_dag.py
Traceback (most recent call last):
  File "/home/airflow/.local/lib/python3.8/site-packages/airflow/models/dagbag.py", line 343, in parse
    loader.exec_module(new_module)
  File "<frozen importlib._bootstrap_external>", line 843, in exec_module
  File "<frozen importlib._bootstrap>", line 219, in _call_with_frames_removed
  File "/opt/airflow/dags/weather_etl_dag.py", line 10, in <module>
    from etl.extractors.inmet_extractor import INMETExtractor
ModuleNotFoundError: No module named 'etl'
[2025-04-30T23:39:52.338+0000] {processor.py:841} WARNING - No viable dags retrieved from /opt/airflow/dags/weather_etl_dag.py
[2025-04-30T23:39:52.373+0000] {processor.py:179} INFO - Processing /opt/airflow/dags/weather_etl_dag.py took 0.053 seconds
[2025-04-30T23:40:22.552+0000] {processor.py:157} INFO - Started process (PID=536) to work on /opt/airflow/dags/weather_etl_dag.py
[2025-04-30T23:40:22.553+0000] {processor.py:829} INFO - Processing file /opt/airflow/dags/weather_etl_dag.py for tasks to queue
[2025-04-30T23:40:22.555+0000] {logging_mixin.py:151} INFO - [2025-04-30T23:40:22.554+0000] {dagbag.py:539} INFO - Filling up the DagBag from /opt/airflow/dags/weather_etl_dag.py
[2025-04-30T23:40:22.560+0000] {logging_mixin.py:151} INFO - [2025-04-30T23:40:22.559+0000] {dagbag.py:347} ERROR - Failed to import: /opt/airflow/dags/weather_etl_dag.py
Traceback (most recent call last):
  File "/home/airflow/.local/lib/python3.8/site-packages/airflow/models/dagbag.py", line 343, in parse
    loader.exec_module(new_module)
  File "<frozen importlib._bootstrap_external>", line 843, in exec_module
  File "<frozen importlib._bootstrap>", line 219, in _call_with_frames_removed
  File "/opt/airflow/dags/weather_etl_dag.py", line 10, in <module>
    from etl.extractors.inmet_extractor import INMETExtractor
ModuleNotFoundError: No module named 'etl'
[2025-04-30T23:40:22.561+0000] {processor.py:841} WARNING - No viable dags retrieved from /opt/airflow/dags/weather_etl_dag.py
[2025-04-30T23:40:22.596+0000] {processor.py:179} INFO - Processing /opt/airflow/dags/weather_etl_dag.py took 0.050 seconds
[2025-04-30T23:40:52.803+0000] {processor.py:157} INFO - Started process (PID=541) to work on /opt/airflow/dags/weather_etl_dag.py
[2025-04-30T23:40:52.806+0000] {processor.py:829} INFO - Processing file /opt/airflow/dags/weather_etl_dag.py for tasks to queue
[2025-04-30T23:40:52.807+0000] {logging_mixin.py:151} INFO - [2025-04-30T23:40:52.807+0000] {dagbag.py:539} INFO - Filling up the DagBag from /opt/airflow/dags/weather_etl_dag.py
[2025-04-30T23:40:52.814+0000] {logging_mixin.py:151} INFO - [2025-04-30T23:40:52.812+0000] {dagbag.py:347} ERROR - Failed to import: /opt/airflow/dags/weather_etl_dag.py
Traceback (most recent call last):
  File "/home/airflow/.local/lib/python3.8/site-packages/airflow/models/dagbag.py", line 343, in parse
    loader.exec_module(new_module)
  File "<frozen importlib._bootstrap_external>", line 843, in exec_module
  File "<frozen importlib._bootstrap>", line 219, in _call_with_frames_removed
  File "/opt/airflow/dags/weather_etl_dag.py", line 10, in <module>
    from etl.extractors.inmet_extractor import INMETExtractor
ModuleNotFoundError: No module named 'etl'
[2025-04-30T23:40:52.815+0000] {processor.py:841} WARNING - No viable dags retrieved from /opt/airflow/dags/weather_etl_dag.py
[2025-04-30T23:40:52.854+0000] {processor.py:179} INFO - Processing /opt/airflow/dags/weather_etl_dag.py took 0.057 seconds
[2025-04-30T23:41:23.007+0000] {processor.py:157} INFO - Started process (PID=546) to work on /opt/airflow/dags/weather_etl_dag.py
[2025-04-30T23:41:23.008+0000] {processor.py:829} INFO - Processing file /opt/airflow/dags/weather_etl_dag.py for tasks to queue
[2025-04-30T23:41:23.009+0000] {logging_mixin.py:151} INFO - [2025-04-30T23:41:23.009+0000] {dagbag.py:539} INFO - Filling up the DagBag from /opt/airflow/dags/weather_etl_dag.py
[2025-04-30T23:41:23.017+0000] {logging_mixin.py:151} INFO - [2025-04-30T23:41:23.016+0000] {dagbag.py:347} ERROR - Failed to import: /opt/airflow/dags/weather_etl_dag.py
Traceback (most recent call last):
  File "/home/airflow/.local/lib/python3.8/site-packages/airflow/models/dagbag.py", line 343, in parse
    loader.exec_module(new_module)
  File "<frozen importlib._bootstrap_external>", line 843, in exec_module
  File "<frozen importlib._bootstrap>", line 219, in _call_with_frames_removed
  File "/opt/airflow/dags/weather_etl_dag.py", line 10, in <module>
    from etl.extractors.inmet_extractor import INMETExtractor
ModuleNotFoundError: No module named 'etl'
[2025-04-30T23:41:23.018+0000] {processor.py:841} WARNING - No viable dags retrieved from /opt/airflow/dags/weather_etl_dag.py
[2025-04-30T23:41:23.057+0000] {processor.py:179} INFO - Processing /opt/airflow/dags/weather_etl_dag.py took 0.055 seconds
[2025-04-30T23:41:53.268+0000] {processor.py:157} INFO - Started process (PID=551) to work on /opt/airflow/dags/weather_etl_dag.py
[2025-04-30T23:41:53.271+0000] {processor.py:829} INFO - Processing file /opt/airflow/dags/weather_etl_dag.py for tasks to queue
[2025-04-30T23:41:53.272+0000] {logging_mixin.py:151} INFO - [2025-04-30T23:41:53.272+0000] {dagbag.py:539} INFO - Filling up the DagBag from /opt/airflow/dags/weather_etl_dag.py
[2025-04-30T23:41:53.279+0000] {logging_mixin.py:151} INFO - [2025-04-30T23:41:53.277+0000] {dagbag.py:347} ERROR - Failed to import: /opt/airflow/dags/weather_etl_dag.py
Traceback (most recent call last):
  File "/home/airflow/.local/lib/python3.8/site-packages/airflow/models/dagbag.py", line 343, in parse
    loader.exec_module(new_module)
  File "<frozen importlib._bootstrap_external>", line 843, in exec_module
  File "<frozen importlib._bootstrap>", line 219, in _call_with_frames_removed
  File "/opt/airflow/dags/weather_etl_dag.py", line 10, in <module>
    from etl.extractors.inmet_extractor import INMETExtractor
ModuleNotFoundError: No module named 'etl'
[2025-04-30T23:41:53.279+0000] {processor.py:841} WARNING - No viable dags retrieved from /opt/airflow/dags/weather_etl_dag.py
[2025-04-30T23:41:53.314+0000] {processor.py:179} INFO - Processing /opt/airflow/dags/weather_etl_dag.py took 0.052 seconds
[2025-04-30T23:42:23.505+0000] {processor.py:157} INFO - Started process (PID=556) to work on /opt/airflow/dags/weather_etl_dag.py
[2025-04-30T23:42:23.506+0000] {processor.py:829} INFO - Processing file /opt/airflow/dags/weather_etl_dag.py for tasks to queue
[2025-04-30T23:42:23.507+0000] {logging_mixin.py:151} INFO - [2025-04-30T23:42:23.507+0000] {dagbag.py:539} INFO - Filling up the DagBag from /opt/airflow/dags/weather_etl_dag.py
[2025-04-30T23:42:23.515+0000] {logging_mixin.py:151} INFO - [2025-04-30T23:42:23.513+0000] {dagbag.py:347} ERROR - Failed to import: /opt/airflow/dags/weather_etl_dag.py
Traceback (most recent call last):
  File "/home/airflow/.local/lib/python3.8/site-packages/airflow/models/dagbag.py", line 343, in parse
    loader.exec_module(new_module)
  File "<frozen importlib._bootstrap_external>", line 843, in exec_module
  File "<frozen importlib._bootstrap>", line 219, in _call_with_frames_removed
  File "/opt/airflow/dags/weather_etl_dag.py", line 10, in <module>
    from etl.extractors.inmet_extractor import INMETExtractor
ModuleNotFoundError: No module named 'etl'
[2025-04-30T23:42:23.516+0000] {processor.py:841} WARNING - No viable dags retrieved from /opt/airflow/dags/weather_etl_dag.py
[2025-04-30T23:42:23.553+0000] {processor.py:179} INFO - Processing /opt/airflow/dags/weather_etl_dag.py took 0.056 seconds
[2025-04-30T23:42:53.746+0000] {processor.py:157} INFO - Started process (PID=561) to work on /opt/airflow/dags/weather_etl_dag.py
[2025-04-30T23:42:53.749+0000] {processor.py:829} INFO - Processing file /opt/airflow/dags/weather_etl_dag.py for tasks to queue
[2025-04-30T23:42:53.750+0000] {logging_mixin.py:151} INFO - [2025-04-30T23:42:53.749+0000] {dagbag.py:539} INFO - Filling up the DagBag from /opt/airflow/dags/weather_etl_dag.py
[2025-04-30T23:42:53.754+0000] {logging_mixin.py:151} INFO - [2025-04-30T23:42:53.753+0000] {dagbag.py:347} ERROR - Failed to import: /opt/airflow/dags/weather_etl_dag.py
Traceback (most recent call last):
  File "/home/airflow/.local/lib/python3.8/site-packages/airflow/models/dagbag.py", line 343, in parse
    loader.exec_module(new_module)
  File "<frozen importlib._bootstrap_external>", line 843, in exec_module
  File "<frozen importlib._bootstrap>", line 219, in _call_with_frames_removed
  File "/opt/airflow/dags/weather_etl_dag.py", line 10, in <module>
    from etl.extractors.inmet_extractor import INMETExtractor
ModuleNotFoundError: No module named 'etl'
[2025-04-30T23:42:53.755+0000] {processor.py:841} WARNING - No viable dags retrieved from /opt/airflow/dags/weather_etl_dag.py
[2025-04-30T23:42:53.777+0000] {processor.py:179} INFO - Processing /opt/airflow/dags/weather_etl_dag.py took 0.035 seconds
[2025-04-30T23:43:23.953+0000] {processor.py:157} INFO - Started process (PID=566) to work on /opt/airflow/dags/weather_etl_dag.py
[2025-04-30T23:43:23.954+0000] {processor.py:829} INFO - Processing file /opt/airflow/dags/weather_etl_dag.py for tasks to queue
[2025-04-30T23:43:23.955+0000] {logging_mixin.py:151} INFO - [2025-04-30T23:43:23.954+0000] {dagbag.py:539} INFO - Filling up the DagBag from /opt/airflow/dags/weather_etl_dag.py
[2025-04-30T23:43:23.960+0000] {logging_mixin.py:151} INFO - [2025-04-30T23:43:23.959+0000] {dagbag.py:347} ERROR - Failed to import: /opt/airflow/dags/weather_etl_dag.py
Traceback (most recent call last):
  File "/home/airflow/.local/lib/python3.8/site-packages/airflow/models/dagbag.py", line 343, in parse
    loader.exec_module(new_module)
  File "<frozen importlib._bootstrap_external>", line 843, in exec_module
  File "<frozen importlib._bootstrap>", line 219, in _call_with_frames_removed
  File "/opt/airflow/dags/weather_etl_dag.py", line 10, in <module>
    from etl.extractors.inmet_extractor import INMETExtractor
ModuleNotFoundError: No module named 'etl'
[2025-04-30T23:43:23.961+0000] {processor.py:841} WARNING - No viable dags retrieved from /opt/airflow/dags/weather_etl_dag.py
[2025-04-30T23:43:23.987+0000] {processor.py:179} INFO - Processing /opt/airflow/dags/weather_etl_dag.py took 0.039 seconds
[2025-04-30T23:43:54.183+0000] {processor.py:157} INFO - Started process (PID=571) to work on /opt/airflow/dags/weather_etl_dag.py
[2025-04-30T23:43:54.186+0000] {processor.py:829} INFO - Processing file /opt/airflow/dags/weather_etl_dag.py for tasks to queue
[2025-04-30T23:43:54.189+0000] {logging_mixin.py:151} INFO - [2025-04-30T23:43:54.188+0000] {dagbag.py:539} INFO - Filling up the DagBag from /opt/airflow/dags/weather_etl_dag.py
[2025-04-30T23:43:54.198+0000] {logging_mixin.py:151} INFO - [2025-04-30T23:43:54.196+0000] {dagbag.py:347} ERROR - Failed to import: /opt/airflow/dags/weather_etl_dag.py
Traceback (most recent call last):
  File "/home/airflow/.local/lib/python3.8/site-packages/airflow/models/dagbag.py", line 343, in parse
    loader.exec_module(new_module)
  File "<frozen importlib._bootstrap_external>", line 843, in exec_module
  File "<frozen importlib._bootstrap>", line 219, in _call_with_frames_removed
  File "/opt/airflow/dags/weather_etl_dag.py", line 10, in <module>
    from etl.extractors.inmet_extractor import INMETExtractor
ModuleNotFoundError: No module named 'etl'
[2025-04-30T23:43:54.199+0000] {processor.py:841} WARNING - No viable dags retrieved from /opt/airflow/dags/weather_etl_dag.py
[2025-04-30T23:43:54.229+0000] {processor.py:179} INFO - Processing /opt/airflow/dags/weather_etl_dag.py took 0.051 seconds
[2025-04-30T23:44:24.397+0000] {processor.py:157} INFO - Started process (PID=576) to work on /opt/airflow/dags/weather_etl_dag.py
[2025-04-30T23:44:24.401+0000] {processor.py:829} INFO - Processing file /opt/airflow/dags/weather_etl_dag.py for tasks to queue
[2025-04-30T23:44:24.403+0000] {logging_mixin.py:151} INFO - [2025-04-30T23:44:24.402+0000] {dagbag.py:539} INFO - Filling up the DagBag from /opt/airflow/dags/weather_etl_dag.py
[2025-04-30T23:44:24.409+0000] {logging_mixin.py:151} INFO - [2025-04-30T23:44:24.408+0000] {dagbag.py:347} ERROR - Failed to import: /opt/airflow/dags/weather_etl_dag.py
Traceback (most recent call last):
  File "/home/airflow/.local/lib/python3.8/site-packages/airflow/models/dagbag.py", line 343, in parse
    loader.exec_module(new_module)
  File "<frozen importlib._bootstrap_external>", line 843, in exec_module
  File "<frozen importlib._bootstrap>", line 219, in _call_with_frames_removed
  File "/opt/airflow/dags/weather_etl_dag.py", line 10, in <module>
    from etl.extractors.inmet_extractor import INMETExtractor
ModuleNotFoundError: No module named 'etl'
[2025-04-30T23:44:24.410+0000] {processor.py:841} WARNING - No viable dags retrieved from /opt/airflow/dags/weather_etl_dag.py
[2025-04-30T23:44:24.445+0000] {processor.py:179} INFO - Processing /opt/airflow/dags/weather_etl_dag.py took 0.053 seconds
[2025-04-30T23:44:54.625+0000] {processor.py:157} INFO - Started process (PID=581) to work on /opt/airflow/dags/weather_etl_dag.py
[2025-04-30T23:44:54.628+0000] {processor.py:829} INFO - Processing file /opt/airflow/dags/weather_etl_dag.py for tasks to queue
[2025-04-30T23:44:54.630+0000] {logging_mixin.py:151} INFO - [2025-04-30T23:44:54.629+0000] {dagbag.py:539} INFO - Filling up the DagBag from /opt/airflow/dags/weather_etl_dag.py
[2025-04-30T23:44:54.636+0000] {logging_mixin.py:151} INFO - [2025-04-30T23:44:54.634+0000] {dagbag.py:347} ERROR - Failed to import: /opt/airflow/dags/weather_etl_dag.py
Traceback (most recent call last):
  File "/home/airflow/.local/lib/python3.8/site-packages/airflow/models/dagbag.py", line 343, in parse
    loader.exec_module(new_module)
  File "<frozen importlib._bootstrap_external>", line 843, in exec_module
  File "<frozen importlib._bootstrap>", line 219, in _call_with_frames_removed
  File "/opt/airflow/dags/weather_etl_dag.py", line 10, in <module>
    from etl.extractors.inmet_extractor import INMETExtractor
ModuleNotFoundError: No module named 'etl'
[2025-04-30T23:44:54.637+0000] {processor.py:841} WARNING - No viable dags retrieved from /opt/airflow/dags/weather_etl_dag.py
[2025-04-30T23:44:54.672+0000] {processor.py:179} INFO - Processing /opt/airflow/dags/weather_etl_dag.py took 0.051 seconds
[2025-04-30T23:45:24.855+0000] {processor.py:157} INFO - Started process (PID=586) to work on /opt/airflow/dags/weather_etl_dag.py
[2025-04-30T23:45:24.859+0000] {processor.py:829} INFO - Processing file /opt/airflow/dags/weather_etl_dag.py for tasks to queue
[2025-04-30T23:45:24.862+0000] {logging_mixin.py:151} INFO - [2025-04-30T23:45:24.861+0000] {dagbag.py:539} INFO - Filling up the DagBag from /opt/airflow/dags/weather_etl_dag.py
[2025-04-30T23:45:24.873+0000] {logging_mixin.py:151} INFO - [2025-04-30T23:45:24.870+0000] {dagbag.py:347} ERROR - Failed to import: /opt/airflow/dags/weather_etl_dag.py
Traceback (most recent call last):
  File "/home/airflow/.local/lib/python3.8/site-packages/airflow/models/dagbag.py", line 343, in parse
    loader.exec_module(new_module)
  File "<frozen importlib._bootstrap_external>", line 843, in exec_module
  File "<frozen importlib._bootstrap>", line 219, in _call_with_frames_removed
  File "/opt/airflow/dags/weather_etl_dag.py", line 10, in <module>
    from etl.extractors.inmet_extractor import INMETExtractor
ModuleNotFoundError: No module named 'etl'
[2025-04-30T23:45:24.875+0000] {processor.py:841} WARNING - No viable dags retrieved from /opt/airflow/dags/weather_etl_dag.py
[2025-04-30T23:45:24.932+0000] {processor.py:179} INFO - Processing /opt/airflow/dags/weather_etl_dag.py took 0.087 seconds
[2025-04-30T23:45:55.085+0000] {processor.py:157} INFO - Started process (PID=591) to work on /opt/airflow/dags/weather_etl_dag.py
[2025-04-30T23:45:55.087+0000] {processor.py:829} INFO - Processing file /opt/airflow/dags/weather_etl_dag.py for tasks to queue
[2025-04-30T23:45:55.088+0000] {logging_mixin.py:151} INFO - [2025-04-30T23:45:55.088+0000] {dagbag.py:539} INFO - Filling up the DagBag from /opt/airflow/dags/weather_etl_dag.py
[2025-04-30T23:45:55.093+0000] {logging_mixin.py:151} INFO - [2025-04-30T23:45:55.092+0000] {dagbag.py:347} ERROR - Failed to import: /opt/airflow/dags/weather_etl_dag.py
Traceback (most recent call last):
  File "/home/airflow/.local/lib/python3.8/site-packages/airflow/models/dagbag.py", line 343, in parse
    loader.exec_module(new_module)
  File "<frozen importlib._bootstrap_external>", line 843, in exec_module
  File "<frozen importlib._bootstrap>", line 219, in _call_with_frames_removed
  File "/opt/airflow/dags/weather_etl_dag.py", line 10, in <module>
    from etl.extractors.inmet_extractor import INMETExtractor
ModuleNotFoundError: No module named 'etl'
[2025-04-30T23:45:55.093+0000] {processor.py:841} WARNING - No viable dags retrieved from /opt/airflow/dags/weather_etl_dag.py
[2025-04-30T23:45:55.122+0000] {processor.py:179} INFO - Processing /opt/airflow/dags/weather_etl_dag.py took 0.042 seconds
[2025-04-30T23:46:25.333+0000] {processor.py:157} INFO - Started process (PID=596) to work on /opt/airflow/dags/weather_etl_dag.py
[2025-04-30T23:46:25.335+0000] {processor.py:829} INFO - Processing file /opt/airflow/dags/weather_etl_dag.py for tasks to queue
[2025-04-30T23:46:25.337+0000] {logging_mixin.py:151} INFO - [2025-04-30T23:46:25.336+0000] {dagbag.py:539} INFO - Filling up the DagBag from /opt/airflow/dags/weather_etl_dag.py
[2025-04-30T23:46:25.343+0000] {logging_mixin.py:151} INFO - [2025-04-30T23:46:25.341+0000] {dagbag.py:347} ERROR - Failed to import: /opt/airflow/dags/weather_etl_dag.py
Traceback (most recent call last):
  File "/home/airflow/.local/lib/python3.8/site-packages/airflow/models/dagbag.py", line 343, in parse
    loader.exec_module(new_module)
  File "<frozen importlib._bootstrap_external>", line 843, in exec_module
  File "<frozen importlib._bootstrap>", line 219, in _call_with_frames_removed
  File "/opt/airflow/dags/weather_etl_dag.py", line 10, in <module>
    from etl.extractors.inmet_extractor import INMETExtractor
ModuleNotFoundError: No module named 'etl'
[2025-04-30T23:46:25.343+0000] {processor.py:841} WARNING - No viable dags retrieved from /opt/airflow/dags/weather_etl_dag.py
[2025-04-30T23:46:25.372+0000] {processor.py:179} INFO - Processing /opt/airflow/dags/weather_etl_dag.py took 0.043 seconds
[2025-04-30T23:46:55.552+0000] {processor.py:157} INFO - Started process (PID=601) to work on /opt/airflow/dags/weather_etl_dag.py
[2025-04-30T23:46:55.554+0000] {processor.py:829} INFO - Processing file /opt/airflow/dags/weather_etl_dag.py for tasks to queue
[2025-04-30T23:46:55.557+0000] {logging_mixin.py:151} INFO - [2025-04-30T23:46:55.556+0000] {dagbag.py:539} INFO - Filling up the DagBag from /opt/airflow/dags/weather_etl_dag.py
[2025-04-30T23:46:55.566+0000] {logging_mixin.py:151} INFO - [2025-04-30T23:46:55.564+0000] {dagbag.py:347} ERROR - Failed to import: /opt/airflow/dags/weather_etl_dag.py
Traceback (most recent call last):
  File "/home/airflow/.local/lib/python3.8/site-packages/airflow/models/dagbag.py", line 343, in parse
    loader.exec_module(new_module)
  File "<frozen importlib._bootstrap_external>", line 843, in exec_module
  File "<frozen importlib._bootstrap>", line 219, in _call_with_frames_removed
  File "/opt/airflow/dags/weather_etl_dag.py", line 10, in <module>
    from etl.extractors.inmet_extractor import INMETExtractor
ModuleNotFoundError: No module named 'etl'
[2025-04-30T23:46:55.567+0000] {processor.py:841} WARNING - No viable dags retrieved from /opt/airflow/dags/weather_etl_dag.py
[2025-04-30T23:46:55.603+0000] {processor.py:179} INFO - Processing /opt/airflow/dags/weather_etl_dag.py took 0.057 seconds
[2025-04-30T23:47:25.774+0000] {processor.py:157} INFO - Started process (PID=606) to work on /opt/airflow/dags/weather_etl_dag.py
[2025-04-30T23:47:25.777+0000] {processor.py:829} INFO - Processing file /opt/airflow/dags/weather_etl_dag.py for tasks to queue
[2025-04-30T23:47:25.778+0000] {logging_mixin.py:151} INFO - [2025-04-30T23:47:25.777+0000] {dagbag.py:539} INFO - Filling up the DagBag from /opt/airflow/dags/weather_etl_dag.py
[2025-04-30T23:47:25.784+0000] {logging_mixin.py:151} INFO - [2025-04-30T23:47:25.783+0000] {dagbag.py:347} ERROR - Failed to import: /opt/airflow/dags/weather_etl_dag.py
Traceback (most recent call last):
  File "/home/airflow/.local/lib/python3.8/site-packages/airflow/models/dagbag.py", line 343, in parse
    loader.exec_module(new_module)
  File "<frozen importlib._bootstrap_external>", line 843, in exec_module
  File "<frozen importlib._bootstrap>", line 219, in _call_with_frames_removed
  File "/opt/airflow/dags/weather_etl_dag.py", line 10, in <module>
    from etl.extractors.inmet_extractor import INMETExtractor
ModuleNotFoundError: No module named 'etl'
[2025-04-30T23:47:25.785+0000] {processor.py:841} WARNING - No viable dags retrieved from /opt/airflow/dags/weather_etl_dag.py
[2025-04-30T23:47:25.819+0000] {processor.py:179} INFO - Processing /opt/airflow/dags/weather_etl_dag.py took 0.050 seconds
[2025-04-30T23:47:56.013+0000] {processor.py:157} INFO - Started process (PID=611) to work on /opt/airflow/dags/weather_etl_dag.py
[2025-04-30T23:47:56.016+0000] {processor.py:829} INFO - Processing file /opt/airflow/dags/weather_etl_dag.py for tasks to queue
[2025-04-30T23:47:56.017+0000] {logging_mixin.py:151} INFO - [2025-04-30T23:47:56.017+0000] {dagbag.py:539} INFO - Filling up the DagBag from /opt/airflow/dags/weather_etl_dag.py
[2025-04-30T23:47:56.022+0000] {logging_mixin.py:151} INFO - [2025-04-30T23:47:56.021+0000] {dagbag.py:347} ERROR - Failed to import: /opt/airflow/dags/weather_etl_dag.py
Traceback (most recent call last):
  File "/home/airflow/.local/lib/python3.8/site-packages/airflow/models/dagbag.py", line 343, in parse
    loader.exec_module(new_module)
  File "<frozen importlib._bootstrap_external>", line 843, in exec_module
  File "<frozen importlib._bootstrap>", line 219, in _call_with_frames_removed
  File "/opt/airflow/dags/weather_etl_dag.py", line 10, in <module>
    from etl.extractors.inmet_extractor import INMETExtractor
ModuleNotFoundError: No module named 'etl'
[2025-04-30T23:47:56.022+0000] {processor.py:841} WARNING - No viable dags retrieved from /opt/airflow/dags/weather_etl_dag.py
[2025-04-30T23:47:56.049+0000] {processor.py:179} INFO - Processing /opt/airflow/dags/weather_etl_dag.py took 0.042 seconds
[2025-04-30T23:48:26.233+0000] {processor.py:157} INFO - Started process (PID=616) to work on /opt/airflow/dags/weather_etl_dag.py
[2025-04-30T23:48:26.237+0000] {processor.py:829} INFO - Processing file /opt/airflow/dags/weather_etl_dag.py for tasks to queue
[2025-04-30T23:48:26.239+0000] {logging_mixin.py:151} INFO - [2025-04-30T23:48:26.238+0000] {dagbag.py:539} INFO - Filling up the DagBag from /opt/airflow/dags/weather_etl_dag.py
[2025-04-30T23:48:26.248+0000] {logging_mixin.py:151} INFO - [2025-04-30T23:48:26.246+0000] {dagbag.py:347} ERROR - Failed to import: /opt/airflow/dags/weather_etl_dag.py
Traceback (most recent call last):
  File "/home/airflow/.local/lib/python3.8/site-packages/airflow/models/dagbag.py", line 343, in parse
    loader.exec_module(new_module)
  File "<frozen importlib._bootstrap_external>", line 843, in exec_module
  File "<frozen importlib._bootstrap>", line 219, in _call_with_frames_removed
  File "/opt/airflow/dags/weather_etl_dag.py", line 10, in <module>
    from etl.extractors.inmet_extractor import INMETExtractor
ModuleNotFoundError: No module named 'etl'
[2025-04-30T23:48:26.249+0000] {processor.py:841} WARNING - No viable dags retrieved from /opt/airflow/dags/weather_etl_dag.py
[2025-04-30T23:48:26.282+0000] {processor.py:179} INFO - Processing /opt/airflow/dags/weather_etl_dag.py took 0.057 seconds
[2025-04-30T23:48:56.474+0000] {processor.py:157} INFO - Started process (PID=621) to work on /opt/airflow/dags/weather_etl_dag.py
[2025-04-30T23:48:56.477+0000] {processor.py:829} INFO - Processing file /opt/airflow/dags/weather_etl_dag.py for tasks to queue
[2025-04-30T23:48:56.478+0000] {logging_mixin.py:151} INFO - [2025-04-30T23:48:56.478+0000] {dagbag.py:539} INFO - Filling up the DagBag from /opt/airflow/dags/weather_etl_dag.py
[2025-04-30T23:48:56.487+0000] {logging_mixin.py:151} INFO - [2025-04-30T23:48:56.485+0000] {dagbag.py:347} ERROR - Failed to import: /opt/airflow/dags/weather_etl_dag.py
Traceback (most recent call last):
  File "/home/airflow/.local/lib/python3.8/site-packages/airflow/models/dagbag.py", line 343, in parse
    loader.exec_module(new_module)
  File "<frozen importlib._bootstrap_external>", line 843, in exec_module
  File "<frozen importlib._bootstrap>", line 219, in _call_with_frames_removed
  File "/opt/airflow/dags/weather_etl_dag.py", line 10, in <module>
    from etl.extractors.inmet_extractor import INMETExtractor
ModuleNotFoundError: No module named 'etl'
[2025-04-30T23:48:56.487+0000] {processor.py:841} WARNING - No viable dags retrieved from /opt/airflow/dags/weather_etl_dag.py
[2025-04-30T23:48:56.521+0000] {processor.py:179} INFO - Processing /opt/airflow/dags/weather_etl_dag.py took 0.051 seconds
[2025-04-30T23:49:26.687+0000] {processor.py:157} INFO - Started process (PID=626) to work on /opt/airflow/dags/weather_etl_dag.py
[2025-04-30T23:49:26.690+0000] {processor.py:829} INFO - Processing file /opt/airflow/dags/weather_etl_dag.py for tasks to queue
[2025-04-30T23:49:26.691+0000] {logging_mixin.py:151} INFO - [2025-04-30T23:49:26.691+0000] {dagbag.py:539} INFO - Filling up the DagBag from /opt/airflow/dags/weather_etl_dag.py
[2025-04-30T23:49:26.700+0000] {logging_mixin.py:151} INFO - [2025-04-30T23:49:26.697+0000] {dagbag.py:347} ERROR - Failed to import: /opt/airflow/dags/weather_etl_dag.py
Traceback (most recent call last):
  File "/home/airflow/.local/lib/python3.8/site-packages/airflow/models/dagbag.py", line 343, in parse
    loader.exec_module(new_module)
  File "<frozen importlib._bootstrap_external>", line 843, in exec_module
  File "<frozen importlib._bootstrap>", line 219, in _call_with_frames_removed
  File "/opt/airflow/dags/weather_etl_dag.py", line 10, in <module>
    from etl.extractors.inmet_extractor import INMETExtractor
ModuleNotFoundError: No module named 'etl'
[2025-04-30T23:49:26.700+0000] {processor.py:841} WARNING - No viable dags retrieved from /opt/airflow/dags/weather_etl_dag.py
[2025-04-30T23:49:26.740+0000] {processor.py:179} INFO - Processing /opt/airflow/dags/weather_etl_dag.py took 0.059 seconds
[2025-04-30T23:49:56.943+0000] {processor.py:157} INFO - Started process (PID=631) to work on /opt/airflow/dags/weather_etl_dag.py
[2025-04-30T23:49:56.946+0000] {processor.py:829} INFO - Processing file /opt/airflow/dags/weather_etl_dag.py for tasks to queue
[2025-04-30T23:49:56.948+0000] {logging_mixin.py:151} INFO - [2025-04-30T23:49:56.947+0000] {dagbag.py:539} INFO - Filling up the DagBag from /opt/airflow/dags/weather_etl_dag.py
[2025-04-30T23:49:56.955+0000] {logging_mixin.py:151} INFO - [2025-04-30T23:49:56.953+0000] {dagbag.py:347} ERROR - Failed to import: /opt/airflow/dags/weather_etl_dag.py
Traceback (most recent call last):
  File "/home/airflow/.local/lib/python3.8/site-packages/airflow/models/dagbag.py", line 343, in parse
    loader.exec_module(new_module)
  File "<frozen importlib._bootstrap_external>", line 843, in exec_module
  File "<frozen importlib._bootstrap>", line 219, in _call_with_frames_removed
  File "/opt/airflow/dags/weather_etl_dag.py", line 10, in <module>
    from etl.extractors.inmet_extractor import INMETExtractor
ModuleNotFoundError: No module named 'etl'
[2025-04-30T23:49:56.955+0000] {processor.py:841} WARNING - No viable dags retrieved from /opt/airflow/dags/weather_etl_dag.py
[2025-04-30T23:49:56.991+0000] {processor.py:179} INFO - Processing /opt/airflow/dags/weather_etl_dag.py took 0.053 seconds
[2025-04-30T23:50:27.171+0000] {processor.py:157} INFO - Started process (PID=636) to work on /opt/airflow/dags/weather_etl_dag.py
[2025-04-30T23:50:27.173+0000] {processor.py:829} INFO - Processing file /opt/airflow/dags/weather_etl_dag.py for tasks to queue
[2025-04-30T23:50:27.174+0000] {logging_mixin.py:151} INFO - [2025-04-30T23:50:27.174+0000] {dagbag.py:539} INFO - Filling up the DagBag from /opt/airflow/dags/weather_etl_dag.py
[2025-04-30T23:50:27.180+0000] {logging_mixin.py:151} INFO - [2025-04-30T23:50:27.179+0000] {dagbag.py:347} ERROR - Failed to import: /opt/airflow/dags/weather_etl_dag.py
Traceback (most recent call last):
  File "/home/airflow/.local/lib/python3.8/site-packages/airflow/models/dagbag.py", line 343, in parse
    loader.exec_module(new_module)
  File "<frozen importlib._bootstrap_external>", line 843, in exec_module
  File "<frozen importlib._bootstrap>", line 219, in _call_with_frames_removed
  File "/opt/airflow/dags/weather_etl_dag.py", line 10, in <module>
    from etl.extractors.inmet_extractor import INMETExtractor
ModuleNotFoundError: No module named 'etl'
[2025-04-30T23:50:27.180+0000] {processor.py:841} WARNING - No viable dags retrieved from /opt/airflow/dags/weather_etl_dag.py
[2025-04-30T23:50:27.220+0000] {processor.py:179} INFO - Processing /opt/airflow/dags/weather_etl_dag.py took 0.055 seconds
[2025-04-30T23:50:57.402+0000] {processor.py:157} INFO - Started process (PID=641) to work on /opt/airflow/dags/weather_etl_dag.py
[2025-04-30T23:50:57.405+0000] {processor.py:829} INFO - Processing file /opt/airflow/dags/weather_etl_dag.py for tasks to queue
[2025-04-30T23:50:57.407+0000] {logging_mixin.py:151} INFO - [2025-04-30T23:50:57.406+0000] {dagbag.py:539} INFO - Filling up the DagBag from /opt/airflow/dags/weather_etl_dag.py
[2025-04-30T23:50:57.411+0000] {logging_mixin.py:151} INFO - [2025-04-30T23:50:57.410+0000] {dagbag.py:347} ERROR - Failed to import: /opt/airflow/dags/weather_etl_dag.py
Traceback (most recent call last):
  File "/home/airflow/.local/lib/python3.8/site-packages/airflow/models/dagbag.py", line 343, in parse
    loader.exec_module(new_module)
  File "<frozen importlib._bootstrap_external>", line 843, in exec_module
  File "<frozen importlib._bootstrap>", line 219, in _call_with_frames_removed
  File "/opt/airflow/dags/weather_etl_dag.py", line 10, in <module>
    from etl.extractors.inmet_extractor import INMETExtractor
ModuleNotFoundError: No module named 'etl'
[2025-04-30T23:50:57.412+0000] {processor.py:841} WARNING - No viable dags retrieved from /opt/airflow/dags/weather_etl_dag.py
[2025-04-30T23:50:57.439+0000] {processor.py:179} INFO - Processing /opt/airflow/dags/weather_etl_dag.py took 0.040 seconds
[2025-04-30T23:51:27.636+0000] {processor.py:157} INFO - Started process (PID=646) to work on /opt/airflow/dags/weather_etl_dag.py
[2025-04-30T23:51:27.639+0000] {processor.py:829} INFO - Processing file /opt/airflow/dags/weather_etl_dag.py for tasks to queue
[2025-04-30T23:51:27.640+0000] {logging_mixin.py:151} INFO - [2025-04-30T23:51:27.639+0000] {dagbag.py:539} INFO - Filling up the DagBag from /opt/airflow/dags/weather_etl_dag.py
[2025-04-30T23:51:27.644+0000] {logging_mixin.py:151} INFO - [2025-04-30T23:51:27.643+0000] {dagbag.py:347} ERROR - Failed to import: /opt/airflow/dags/weather_etl_dag.py
Traceback (most recent call last):
  File "/home/airflow/.local/lib/python3.8/site-packages/airflow/models/dagbag.py", line 343, in parse
    loader.exec_module(new_module)
  File "<frozen importlib._bootstrap_external>", line 843, in exec_module
  File "<frozen importlib._bootstrap>", line 219, in _call_with_frames_removed
  File "/opt/airflow/dags/weather_etl_dag.py", line 10, in <module>
    from etl.extractors.inmet_extractor import INMETExtractor
ModuleNotFoundError: No module named 'etl'
[2025-04-30T23:51:27.645+0000] {processor.py:841} WARNING - No viable dags retrieved from /opt/airflow/dags/weather_etl_dag.py
[2025-04-30T23:51:27.672+0000] {processor.py:179} INFO - Processing /opt/airflow/dags/weather_etl_dag.py took 0.039 seconds
[2025-04-30T23:51:57.843+0000] {processor.py:157} INFO - Started process (PID=651) to work on /opt/airflow/dags/weather_etl_dag.py
[2025-04-30T23:51:57.846+0000] {processor.py:829} INFO - Processing file /opt/airflow/dags/weather_etl_dag.py for tasks to queue
[2025-04-30T23:51:57.847+0000] {logging_mixin.py:151} INFO - [2025-04-30T23:51:57.846+0000] {dagbag.py:539} INFO - Filling up the DagBag from /opt/airflow/dags/weather_etl_dag.py
[2025-04-30T23:51:57.852+0000] {logging_mixin.py:151} INFO - [2025-04-30T23:51:57.851+0000] {dagbag.py:347} ERROR - Failed to import: /opt/airflow/dags/weather_etl_dag.py
Traceback (most recent call last):
  File "/home/airflow/.local/lib/python3.8/site-packages/airflow/models/dagbag.py", line 343, in parse
    loader.exec_module(new_module)
  File "<frozen importlib._bootstrap_external>", line 843, in exec_module
  File "<frozen importlib._bootstrap>", line 219, in _call_with_frames_removed
  File "/opt/airflow/dags/weather_etl_dag.py", line 10, in <module>
    from etl.extractors.inmet_extractor import INMETExtractor
ModuleNotFoundError: No module named 'etl'
[2025-04-30T23:51:57.853+0000] {processor.py:841} WARNING - No viable dags retrieved from /opt/airflow/dags/weather_etl_dag.py
[2025-04-30T23:51:57.879+0000] {processor.py:179} INFO - Processing /opt/airflow/dags/weather_etl_dag.py took 0.041 seconds
[2025-04-30T23:52:28.066+0000] {processor.py:157} INFO - Started process (PID=656) to work on /opt/airflow/dags/weather_etl_dag.py
[2025-04-30T23:52:28.069+0000] {processor.py:829} INFO - Processing file /opt/airflow/dags/weather_etl_dag.py for tasks to queue
[2025-04-30T23:52:28.071+0000] {logging_mixin.py:151} INFO - [2025-04-30T23:52:28.070+0000] {dagbag.py:539} INFO - Filling up the DagBag from /opt/airflow/dags/weather_etl_dag.py
[2025-04-30T23:52:28.079+0000] {logging_mixin.py:151} INFO - [2025-04-30T23:52:28.077+0000] {dagbag.py:347} ERROR - Failed to import: /opt/airflow/dags/weather_etl_dag.py
Traceback (most recent call last):
  File "/home/airflow/.local/lib/python3.8/site-packages/airflow/models/dagbag.py", line 343, in parse
    loader.exec_module(new_module)
  File "<frozen importlib._bootstrap_external>", line 843, in exec_module
  File "<frozen importlib._bootstrap>", line 219, in _call_with_frames_removed
  File "/opt/airflow/dags/weather_etl_dag.py", line 10, in <module>
    from etl.extractors.inmet_extractor import INMETExtractor
ModuleNotFoundError: No module named 'etl'
[2025-04-30T23:52:28.080+0000] {processor.py:841} WARNING - No viable dags retrieved from /opt/airflow/dags/weather_etl_dag.py
[2025-04-30T23:52:28.119+0000] {processor.py:179} INFO - Processing /opt/airflow/dags/weather_etl_dag.py took 0.059 seconds
[2025-04-30T23:52:58.278+0000] {processor.py:157} INFO - Started process (PID=661) to work on /opt/airflow/dags/weather_etl_dag.py
[2025-04-30T23:52:58.281+0000] {processor.py:829} INFO - Processing file /opt/airflow/dags/weather_etl_dag.py for tasks to queue
[2025-04-30T23:52:58.282+0000] {logging_mixin.py:151} INFO - [2025-04-30T23:52:58.282+0000] {dagbag.py:539} INFO - Filling up the DagBag from /opt/airflow/dags/weather_etl_dag.py
[2025-04-30T23:52:58.287+0000] {logging_mixin.py:151} INFO - [2025-04-30T23:52:58.285+0000] {dagbag.py:347} ERROR - Failed to import: /opt/airflow/dags/weather_etl_dag.py
Traceback (most recent call last):
  File "/home/airflow/.local/lib/python3.8/site-packages/airflow/models/dagbag.py", line 343, in parse
    loader.exec_module(new_module)
  File "<frozen importlib._bootstrap_external>", line 843, in exec_module
  File "<frozen importlib._bootstrap>", line 219, in _call_with_frames_removed
  File "/opt/airflow/dags/weather_etl_dag.py", line 10, in <module>
    from etl.extractors.inmet_extractor import INMETExtractor
ModuleNotFoundError: No module named 'etl'
[2025-04-30T23:52:58.287+0000] {processor.py:841} WARNING - No viable dags retrieved from /opt/airflow/dags/weather_etl_dag.py
[2025-04-30T23:52:58.314+0000] {processor.py:179} INFO - Processing /opt/airflow/dags/weather_etl_dag.py took 0.039 seconds
[2025-04-30T23:53:28.534+0000] {processor.py:157} INFO - Started process (PID=666) to work on /opt/airflow/dags/weather_etl_dag.py
[2025-04-30T23:53:28.537+0000] {processor.py:829} INFO - Processing file /opt/airflow/dags/weather_etl_dag.py for tasks to queue
[2025-04-30T23:53:28.538+0000] {logging_mixin.py:151} INFO - [2025-04-30T23:53:28.538+0000] {dagbag.py:539} INFO - Filling up the DagBag from /opt/airflow/dags/weather_etl_dag.py
[2025-04-30T23:53:28.543+0000] {logging_mixin.py:151} INFO - [2025-04-30T23:53:28.542+0000] {dagbag.py:347} ERROR - Failed to import: /opt/airflow/dags/weather_etl_dag.py
Traceback (most recent call last):
  File "/home/airflow/.local/lib/python3.8/site-packages/airflow/models/dagbag.py", line 343, in parse
    loader.exec_module(new_module)
  File "<frozen importlib._bootstrap_external>", line 843, in exec_module
  File "<frozen importlib._bootstrap>", line 219, in _call_with_frames_removed
  File "/opt/airflow/dags/weather_etl_dag.py", line 10, in <module>
    from etl.extractors.inmet_extractor import INMETExtractor
ModuleNotFoundError: No module named 'etl'
[2025-04-30T23:53:28.543+0000] {processor.py:841} WARNING - No viable dags retrieved from /opt/airflow/dags/weather_etl_dag.py
[2025-04-30T23:53:28.569+0000] {processor.py:179} INFO - Processing /opt/airflow/dags/weather_etl_dag.py took 0.038 seconds
[2025-04-30T23:53:58.772+0000] {processor.py:157} INFO - Started process (PID=671) to work on /opt/airflow/dags/weather_etl_dag.py
[2025-04-30T23:53:58.773+0000] {processor.py:829} INFO - Processing file /opt/airflow/dags/weather_etl_dag.py for tasks to queue
[2025-04-30T23:53:58.774+0000] {logging_mixin.py:151} INFO - [2025-04-30T23:53:58.774+0000] {dagbag.py:539} INFO - Filling up the DagBag from /opt/airflow/dags/weather_etl_dag.py
[2025-04-30T23:53:58.779+0000] {logging_mixin.py:151} INFO - [2025-04-30T23:53:58.778+0000] {dagbag.py:347} ERROR - Failed to import: /opt/airflow/dags/weather_etl_dag.py
Traceback (most recent call last):
  File "/home/airflow/.local/lib/python3.8/site-packages/airflow/models/dagbag.py", line 343, in parse
    loader.exec_module(new_module)
  File "<frozen importlib._bootstrap_external>", line 843, in exec_module
  File "<frozen importlib._bootstrap>", line 219, in _call_with_frames_removed
  File "/opt/airflow/dags/weather_etl_dag.py", line 10, in <module>
    from etl.extractors.inmet_extractor import INMETExtractor
ModuleNotFoundError: No module named 'etl'
[2025-04-30T23:53:58.780+0000] {processor.py:841} WARNING - No viable dags retrieved from /opt/airflow/dags/weather_etl_dag.py
[2025-04-30T23:53:58.804+0000] {processor.py:179} INFO - Processing /opt/airflow/dags/weather_etl_dag.py took 0.035 seconds
[2025-04-30T23:54:28.971+0000] {processor.py:157} INFO - Started process (PID=676) to work on /opt/airflow/dags/weather_etl_dag.py
[2025-04-30T23:54:28.972+0000] {processor.py:829} INFO - Processing file /opt/airflow/dags/weather_etl_dag.py for tasks to queue
[2025-04-30T23:54:28.973+0000] {logging_mixin.py:151} INFO - [2025-04-30T23:54:28.973+0000] {dagbag.py:539} INFO - Filling up the DagBag from /opt/airflow/dags/weather_etl_dag.py
[2025-04-30T23:54:28.978+0000] {logging_mixin.py:151} INFO - [2025-04-30T23:54:28.976+0000] {dagbag.py:347} ERROR - Failed to import: /opt/airflow/dags/weather_etl_dag.py
Traceback (most recent call last):
  File "/home/airflow/.local/lib/python3.8/site-packages/airflow/models/dagbag.py", line 343, in parse
    loader.exec_module(new_module)
  File "<frozen importlib._bootstrap_external>", line 843, in exec_module
  File "<frozen importlib._bootstrap>", line 219, in _call_with_frames_removed
  File "/opt/airflow/dags/weather_etl_dag.py", line 10, in <module>
    from etl.extractors.inmet_extractor import INMETExtractor
ModuleNotFoundError: No module named 'etl'
[2025-04-30T23:54:28.978+0000] {processor.py:841} WARNING - No viable dags retrieved from /opt/airflow/dags/weather_etl_dag.py
[2025-04-30T23:54:29.002+0000] {processor.py:179} INFO - Processing /opt/airflow/dags/weather_etl_dag.py took 0.036 seconds
[2025-04-30T23:54:59.203+0000] {processor.py:157} INFO - Started process (PID=681) to work on /opt/airflow/dags/weather_etl_dag.py
[2025-04-30T23:54:59.205+0000] {processor.py:829} INFO - Processing file /opt/airflow/dags/weather_etl_dag.py for tasks to queue
[2025-04-30T23:54:59.207+0000] {logging_mixin.py:151} INFO - [2025-04-30T23:54:59.206+0000] {dagbag.py:539} INFO - Filling up the DagBag from /opt/airflow/dags/weather_etl_dag.py
[2025-04-30T23:54:59.212+0000] {logging_mixin.py:151} INFO - [2025-04-30T23:54:59.211+0000] {dagbag.py:347} ERROR - Failed to import: /opt/airflow/dags/weather_etl_dag.py
Traceback (most recent call last):
  File "/home/airflow/.local/lib/python3.8/site-packages/airflow/models/dagbag.py", line 343, in parse
    loader.exec_module(new_module)
  File "<frozen importlib._bootstrap_external>", line 843, in exec_module
  File "<frozen importlib._bootstrap>", line 219, in _call_with_frames_removed
  File "/opt/airflow/dags/weather_etl_dag.py", line 10, in <module>
    from etl.extractors.inmet_extractor import INMETExtractor
ModuleNotFoundError: No module named 'etl'
[2025-04-30T23:54:59.213+0000] {processor.py:841} WARNING - No viable dags retrieved from /opt/airflow/dags/weather_etl_dag.py
[2025-04-30T23:54:59.241+0000] {processor.py:179} INFO - Processing /opt/airflow/dags/weather_etl_dag.py took 0.043 seconds
[2025-04-30T23:55:29.422+0000] {processor.py:157} INFO - Started process (PID=686) to work on /opt/airflow/dags/weather_etl_dag.py
[2025-04-30T23:55:29.425+0000] {processor.py:829} INFO - Processing file /opt/airflow/dags/weather_etl_dag.py for tasks to queue
[2025-04-30T23:55:29.426+0000] {logging_mixin.py:151} INFO - [2025-04-30T23:55:29.425+0000] {dagbag.py:539} INFO - Filling up the DagBag from /opt/airflow/dags/weather_etl_dag.py
[2025-04-30T23:55:29.433+0000] {logging_mixin.py:151} INFO - [2025-04-30T23:55:29.432+0000] {dagbag.py:347} ERROR - Failed to import: /opt/airflow/dags/weather_etl_dag.py
Traceback (most recent call last):
  File "/home/airflow/.local/lib/python3.8/site-packages/airflow/models/dagbag.py", line 343, in parse
    loader.exec_module(new_module)
  File "<frozen importlib._bootstrap_external>", line 843, in exec_module
  File "<frozen importlib._bootstrap>", line 219, in _call_with_frames_removed
  File "/opt/airflow/dags/weather_etl_dag.py", line 10, in <module>
    from etl.extractors.inmet_extractor import INMETExtractor
ModuleNotFoundError: No module named 'etl'
[2025-04-30T23:55:29.434+0000] {processor.py:841} WARNING - No viable dags retrieved from /opt/airflow/dags/weather_etl_dag.py
[2025-04-30T23:55:29.470+0000] {processor.py:179} INFO - Processing /opt/airflow/dags/weather_etl_dag.py took 0.054 seconds
[2025-04-30T23:55:59.669+0000] {processor.py:157} INFO - Started process (PID=691) to work on /opt/airflow/dags/weather_etl_dag.py
[2025-04-30T23:55:59.672+0000] {processor.py:829} INFO - Processing file /opt/airflow/dags/weather_etl_dag.py for tasks to queue
[2025-04-30T23:55:59.673+0000] {logging_mixin.py:151} INFO - [2025-04-30T23:55:59.672+0000] {dagbag.py:539} INFO - Filling up the DagBag from /opt/airflow/dags/weather_etl_dag.py
[2025-04-30T23:55:59.680+0000] {logging_mixin.py:151} INFO - [2025-04-30T23:55:59.678+0000] {dagbag.py:347} ERROR - Failed to import: /opt/airflow/dags/weather_etl_dag.py
Traceback (most recent call last):
  File "/home/airflow/.local/lib/python3.8/site-packages/airflow/models/dagbag.py", line 343, in parse
    loader.exec_module(new_module)
  File "<frozen importlib._bootstrap_external>", line 843, in exec_module
  File "<frozen importlib._bootstrap>", line 219, in _call_with_frames_removed
  File "/opt/airflow/dags/weather_etl_dag.py", line 10, in <module>
    from etl.extractors.inmet_extractor import INMETExtractor
ModuleNotFoundError: No module named 'etl'
[2025-04-30T23:55:59.681+0000] {processor.py:841} WARNING - No viable dags retrieved from /opt/airflow/dags/weather_etl_dag.py
[2025-04-30T23:55:59.718+0000] {processor.py:179} INFO - Processing /opt/airflow/dags/weather_etl_dag.py took 0.055 seconds
[2025-04-30T23:56:29.908+0000] {processor.py:157} INFO - Started process (PID=696) to work on /opt/airflow/dags/weather_etl_dag.py
[2025-04-30T23:56:29.909+0000] {processor.py:829} INFO - Processing file /opt/airflow/dags/weather_etl_dag.py for tasks to queue
[2025-04-30T23:56:29.910+0000] {logging_mixin.py:151} INFO - [2025-04-30T23:56:29.910+0000] {dagbag.py:539} INFO - Filling up the DagBag from /opt/airflow/dags/weather_etl_dag.py
[2025-04-30T23:56:29.915+0000] {logging_mixin.py:151} INFO - [2025-04-30T23:56:29.914+0000] {dagbag.py:347} ERROR - Failed to import: /opt/airflow/dags/weather_etl_dag.py
Traceback (most recent call last):
  File "/home/airflow/.local/lib/python3.8/site-packages/airflow/models/dagbag.py", line 343, in parse
    loader.exec_module(new_module)
  File "<frozen importlib._bootstrap_external>", line 843, in exec_module
  File "<frozen importlib._bootstrap>", line 219, in _call_with_frames_removed
  File "/opt/airflow/dags/weather_etl_dag.py", line 10, in <module>
    from etl.extractors.inmet_extractor import INMETExtractor
ModuleNotFoundError: No module named 'etl'
[2025-04-30T23:56:29.916+0000] {processor.py:841} WARNING - No viable dags retrieved from /opt/airflow/dags/weather_etl_dag.py
[2025-04-30T23:56:29.950+0000] {processor.py:179} INFO - Processing /opt/airflow/dags/weather_etl_dag.py took 0.048 seconds
[2025-04-30T23:57:00.137+0000] {processor.py:157} INFO - Started process (PID=701) to work on /opt/airflow/dags/weather_etl_dag.py
[2025-04-30T23:57:00.140+0000] {processor.py:829} INFO - Processing file /opt/airflow/dags/weather_etl_dag.py for tasks to queue
[2025-04-30T23:57:00.142+0000] {logging_mixin.py:151} INFO - [2025-04-30T23:57:00.141+0000] {dagbag.py:539} INFO - Filling up the DagBag from /opt/airflow/dags/weather_etl_dag.py
[2025-04-30T23:57:00.149+0000] {logging_mixin.py:151} INFO - [2025-04-30T23:57:00.147+0000] {dagbag.py:347} ERROR - Failed to import: /opt/airflow/dags/weather_etl_dag.py
Traceback (most recent call last):
  File "/home/airflow/.local/lib/python3.8/site-packages/airflow/models/dagbag.py", line 343, in parse
    loader.exec_module(new_module)
  File "<frozen importlib._bootstrap_external>", line 843, in exec_module
  File "<frozen importlib._bootstrap>", line 219, in _call_with_frames_removed
  File "/opt/airflow/dags/weather_etl_dag.py", line 10, in <module>
    from etl.extractors.inmet_extractor import INMETExtractor
ModuleNotFoundError: No module named 'etl'
[2025-04-30T23:57:00.149+0000] {processor.py:841} WARNING - No viable dags retrieved from /opt/airflow/dags/weather_etl_dag.py
[2025-04-30T23:57:00.184+0000] {processor.py:179} INFO - Processing /opt/airflow/dags/weather_etl_dag.py took 0.053 seconds
[2025-04-30T23:57:30.358+0000] {processor.py:157} INFO - Started process (PID=706) to work on /opt/airflow/dags/weather_etl_dag.py
[2025-04-30T23:57:30.360+0000] {processor.py:829} INFO - Processing file /opt/airflow/dags/weather_etl_dag.py for tasks to queue
[2025-04-30T23:57:30.362+0000] {logging_mixin.py:151} INFO - [2025-04-30T23:57:30.361+0000] {dagbag.py:539} INFO - Filling up the DagBag from /opt/airflow/dags/weather_etl_dag.py
[2025-04-30T23:57:30.369+0000] {logging_mixin.py:151} INFO - [2025-04-30T23:57:30.367+0000] {dagbag.py:347} ERROR - Failed to import: /opt/airflow/dags/weather_etl_dag.py
Traceback (most recent call last):
  File "/home/airflow/.local/lib/python3.8/site-packages/airflow/models/dagbag.py", line 343, in parse
    loader.exec_module(new_module)
  File "<frozen importlib._bootstrap_external>", line 843, in exec_module
  File "<frozen importlib._bootstrap>", line 219, in _call_with_frames_removed
  File "/opt/airflow/dags/weather_etl_dag.py", line 10, in <module>
    from etl.extractors.inmet_extractor import INMETExtractor
ModuleNotFoundError: No module named 'etl'
[2025-04-30T23:57:30.369+0000] {processor.py:841} WARNING - No viable dags retrieved from /opt/airflow/dags/weather_etl_dag.py
[2025-04-30T23:57:30.408+0000] {processor.py:179} INFO - Processing /opt/airflow/dags/weather_etl_dag.py took 0.054 seconds
[2025-04-30T23:58:00.587+0000] {processor.py:157} INFO - Started process (PID=711) to work on /opt/airflow/dags/weather_etl_dag.py
[2025-04-30T23:58:00.589+0000] {processor.py:829} INFO - Processing file /opt/airflow/dags/weather_etl_dag.py for tasks to queue
[2025-04-30T23:58:00.591+0000] {logging_mixin.py:151} INFO - [2025-04-30T23:58:00.590+0000] {dagbag.py:539} INFO - Filling up the DagBag from /opt/airflow/dags/weather_etl_dag.py
[2025-04-30T23:58:00.596+0000] {logging_mixin.py:151} INFO - [2025-04-30T23:58:00.595+0000] {dagbag.py:347} ERROR - Failed to import: /opt/airflow/dags/weather_etl_dag.py
Traceback (most recent call last):
  File "/home/airflow/.local/lib/python3.8/site-packages/airflow/models/dagbag.py", line 343, in parse
    loader.exec_module(new_module)
  File "<frozen importlib._bootstrap_external>", line 843, in exec_module
  File "<frozen importlib._bootstrap>", line 219, in _call_with_frames_removed
  File "/opt/airflow/dags/weather_etl_dag.py", line 10, in <module>
    from etl.extractors.inmet_extractor import INMETExtractor
ModuleNotFoundError: No module named 'etl'
[2025-04-30T23:58:00.597+0000] {processor.py:841} WARNING - No viable dags retrieved from /opt/airflow/dags/weather_etl_dag.py
[2025-04-30T23:58:00.623+0000] {processor.py:179} INFO - Processing /opt/airflow/dags/weather_etl_dag.py took 0.041 seconds
[2025-04-30T23:58:30.829+0000] {processor.py:157} INFO - Started process (PID=716) to work on /opt/airflow/dags/weather_etl_dag.py
[2025-04-30T23:58:30.832+0000] {processor.py:829} INFO - Processing file /opt/airflow/dags/weather_etl_dag.py for tasks to queue
[2025-04-30T23:58:30.833+0000] {logging_mixin.py:151} INFO - [2025-04-30T23:58:30.832+0000] {dagbag.py:539} INFO - Filling up the DagBag from /opt/airflow/dags/weather_etl_dag.py
[2025-04-30T23:58:30.839+0000] {logging_mixin.py:151} INFO - [2025-04-30T23:58:30.837+0000] {dagbag.py:347} ERROR - Failed to import: /opt/airflow/dags/weather_etl_dag.py
Traceback (most recent call last):
  File "/home/airflow/.local/lib/python3.8/site-packages/airflow/models/dagbag.py", line 343, in parse
    loader.exec_module(new_module)
  File "<frozen importlib._bootstrap_external>", line 843, in exec_module
  File "<frozen importlib._bootstrap>", line 219, in _call_with_frames_removed
  File "/opt/airflow/dags/weather_etl_dag.py", line 10, in <module>
    from etl.extractors.inmet_extractor import INMETExtractor
ModuleNotFoundError: No module named 'etl'
[2025-04-30T23:58:30.839+0000] {processor.py:841} WARNING - No viable dags retrieved from /opt/airflow/dags/weather_etl_dag.py
[2025-04-30T23:58:30.866+0000] {processor.py:179} INFO - Processing /opt/airflow/dags/weather_etl_dag.py took 0.041 seconds
