[2025-04-30T23:03:35.238+0000] {manager.py:487} INFO - Processing files using up to 2 processes at a time 
[2025-04-30T23:03:35.238+0000] {manager.py:488} INFO - Process each file at most once every 30 seconds
[2025-04-30T23:03:35.238+0000] {manager.py:489} INFO - Checking for new files in /opt/airflow/dags every 300 seconds
[2025-04-30T23:03:35.239+0000] {manager.py:759} INFO - Searching for files in /opt/airflow/dags
[2025-04-30T23:03:35.241+0000] {manager.py:762} INFO - There are 1 files in /opt/airflow/dags
[2025-04-30T23:03:35.422+0000] {manager.py:893} INFO - 
================================================================================
DAG File Processing Stats

File Path                               PID  Runtime      # DAGs    # Errors  Last Runtime    Last Run
------------------------------------  -----  ---------  --------  ----------  --------------  ----------
/opt/airflow/dags/weather_etl_dag.py    170  0.08s             0           0
================================================================================
[2025-04-30T23:04:05.628+0000] {manager.py:893} INFO - 
================================================================================
DAG File Processing Stats

File Path                               PID  Runtime      # DAGs    # Errors  Last Runtime    Last Run
------------------------------------  -----  ---------  --------  ----------  --------------  -------------------
/opt/airflow/dags/weather_etl_dag.py    176  0.01s             0           1  0.10s           2025-04-30T23:03:35
================================================================================
[2025-04-30T23:04:35.822+0000] {manager.py:893} INFO - 
================================================================================
DAG File Processing Stats

File Path                               PID  Runtime      # DAGs    # Errors  Last Runtime    Last Run
------------------------------------  -----  ---------  --------  ----------  --------------  -------------------
/opt/airflow/dags/weather_etl_dag.py    181  0.00s             0           1  0.06s           2025-04-30T23:04:05
================================================================================
[2025-04-30T23:05:06.044+0000] {manager.py:893} INFO - 
================================================================================
DAG File Processing Stats

File Path                               PID  Runtime      # DAGs    # Errors  Last Runtime    Last Run
------------------------------------  -----  ---------  --------  ----------  --------------  -------------------
/opt/airflow/dags/weather_etl_dag.py    186  0.00s             0           1  0.06s           2025-04-30T23:04:35
================================================================================
[2025-04-30T23:05:36.249+0000] {manager.py:893} INFO - 
================================================================================
DAG File Processing Stats

File Path                               PID  Runtime      # DAGs    # Errors  Last Runtime    Last Run
------------------------------------  -----  ---------  --------  ----------  --------------  -------------------
/opt/airflow/dags/weather_etl_dag.py    191  0.00s             0           1  0.06s           2025-04-30T23:05:06
================================================================================
[2025-04-30T23:06:06.483+0000] {manager.py:893} INFO - 
================================================================================
DAG File Processing Stats

File Path                               PID  Runtime      # DAGs    # Errors  Last Runtime    Last Run
------------------------------------  -----  ---------  --------  ----------  --------------  -------------------
/opt/airflow/dags/weather_etl_dag.py    196  0.01s             0           1  0.06s           2025-04-30T23:05:36
================================================================================
[2025-04-30T23:06:36.711+0000] {manager.py:893} INFO - 
================================================================================
DAG File Processing Stats

File Path                               PID  Runtime      # DAGs    # Errors  Last Runtime    Last Run
------------------------------------  -----  ---------  --------  ----------  --------------  -------------------
/opt/airflow/dags/weather_etl_dag.py    201  0.01s             0           1  0.08s           2025-04-30T23:06:06
================================================================================
[2025-04-30T23:07:07.143+0000] {manager.py:893} INFO - 
================================================================================
DAG File Processing Stats

File Path                               PID  Runtime      # DAGs    # Errors  Last Runtime    Last Run
------------------------------------  -----  ---------  --------  ----------  --------------  -------------------
/opt/airflow/dags/weather_etl_dag.py    206  0.01s             0           1  0.33s           2025-04-30T23:06:37
================================================================================
[2025-04-30T23:07:37.342+0000] {manager.py:893} INFO - 
================================================================================
DAG File Processing Stats

File Path                               PID  Runtime      # DAGs    # Errors  Last Runtime    Last Run
------------------------------------  -----  ---------  --------  ----------  --------------  -------------------
/opt/airflow/dags/weather_etl_dag.py    211  0.01s             0           1  0.08s           2025-04-30T23:07:07
================================================================================
[2025-04-30T23:08:07.612+0000] {manager.py:893} INFO - 
================================================================================
DAG File Processing Stats

File Path                               PID  Runtime      # DAGs    # Errors  Last Runtime    Last Run
------------------------------------  -----  ---------  --------  ----------  --------------  -------------------
/opt/airflow/dags/weather_etl_dag.py    216  0.01s             0           1  0.09s           2025-04-30T23:07:37
================================================================================
[2025-04-30T23:08:35.802+0000] {manager.py:759} INFO - Searching for files in /opt/airflow/dags
[2025-04-30T23:08:35.805+0000] {manager.py:762} INFO - There are 1 files in /opt/airflow/dags
[2025-04-30T23:08:37.846+0000] {manager.py:893} INFO - 
================================================================================
DAG File Processing Stats

File Path                               PID  Runtime      # DAGs    # Errors  Last Runtime    Last Run
------------------------------------  -----  ---------  --------  ----------  --------------  -------------------
/opt/airflow/dags/weather_etl_dag.py    221  0.00s             0           1  0.06s           2025-04-30T23:08:07
================================================================================
[2025-04-30T23:09:08.051+0000] {manager.py:893} INFO - 
================================================================================
DAG File Processing Stats

File Path                               PID  Runtime      # DAGs    # Errors  Last Runtime    Last Run
------------------------------------  -----  ---------  --------  ----------  --------------  -------------------
/opt/airflow/dags/weather_etl_dag.py    226  0.00s             0           1  0.07s           2025-04-30T23:08:37
================================================================================
[2025-04-30T23:09:38.310+0000] {manager.py:893} INFO - 
================================================================================
DAG File Processing Stats

File Path                               PID  Runtime      # DAGs    # Errors  Last Runtime    Last Run
------------------------------------  -----  ---------  --------  ----------  --------------  -------------------
/opt/airflow/dags/weather_etl_dag.py    231  0.01s             0           1  0.06s           2025-04-30T23:09:08
================================================================================
[2025-04-30T23:10:08.528+0000] {manager.py:893} INFO - 
================================================================================
DAG File Processing Stats

File Path                               PID  Runtime      # DAGs    # Errors  Last Runtime    Last Run
------------------------------------  -----  ---------  --------  ----------  --------------  -------------------
/opt/airflow/dags/weather_etl_dag.py    236  0.01s             0           1  0.08s           2025-04-30T23:09:38
================================================================================
[2025-04-30T23:10:38.780+0000] {manager.py:893} INFO - 
================================================================================
DAG File Processing Stats

File Path                               PID  Runtime      # DAGs    # Errors  Last Runtime    Last Run
------------------------------------  -----  ---------  --------  ----------  --------------  -------------------
/opt/airflow/dags/weather_etl_dag.py    241  0.01s             0           1  0.10s           2025-04-30T23:10:08
================================================================================
[2025-04-30T23:11:09.006+0000] {manager.py:893} INFO - 
================================================================================
DAG File Processing Stats

File Path                               PID  Runtime      # DAGs    # Errors  Last Runtime    Last Run
------------------------------------  -----  ---------  --------  ----------  --------------  -------------------
/opt/airflow/dags/weather_etl_dag.py    246  0.01s             0           1  0.06s           2025-04-30T23:10:38
================================================================================
[2025-04-30T23:11:39.219+0000] {manager.py:893} INFO - 
================================================================================
DAG File Processing Stats

File Path                               PID  Runtime      # DAGs    # Errors  Last Runtime    Last Run
------------------------------------  -----  ---------  --------  ----------  --------------  -------------------
/opt/airflow/dags/weather_etl_dag.py    251  0.00s             0           1  0.08s           2025-04-30T23:11:09
================================================================================
[2025-04-30T23:12:09.467+0000] {manager.py:893} INFO - 
================================================================================
DAG File Processing Stats

File Path                               PID  Runtime      # DAGs    # Errors  Last Runtime    Last Run
------------------------------------  -----  ---------  --------  ----------  --------------  -------------------
/opt/airflow/dags/weather_etl_dag.py    256  0.01s             0           1  0.07s           2025-04-30T23:11:39
================================================================================
[2025-04-30T23:12:39.679+0000] {manager.py:893} INFO - 
================================================================================
DAG File Processing Stats

File Path                               PID  Runtime      # DAGs    # Errors  Last Runtime    Last Run
------------------------------------  -----  ---------  --------  ----------  --------------  -------------------
/opt/airflow/dags/weather_etl_dag.py    261  0.00s             0           1  0.07s           2025-04-30T23:12:09
================================================================================
[2025-04-30T23:13:09.916+0000] {manager.py:893} INFO - 
================================================================================
DAG File Processing Stats

File Path                               PID  Runtime      # DAGs    # Errors  Last Runtime    Last Run
------------------------------------  -----  ---------  --------  ----------  --------------  -------------------
/opt/airflow/dags/weather_etl_dag.py    266  0.00s             0           1  0.06s           2025-04-30T23:12:39
================================================================================
[2025-04-30T23:13:36.105+0000] {manager.py:759} INFO - Searching for files in /opt/airflow/dags
[2025-04-30T23:13:36.108+0000] {manager.py:762} INFO - There are 1 files in /opt/airflow/dags
[2025-04-30T23:13:40.167+0000] {manager.py:893} INFO - 
================================================================================
DAG File Processing Stats

File Path                               PID  Runtime      # DAGs    # Errors  Last Runtime    Last Run
------------------------------------  -----  ---------  --------  ----------  --------------  -------------------
/opt/airflow/dags/weather_etl_dag.py    271  0.01s             0           1  0.07s           2025-04-30T23:13:09
================================================================================
[2025-04-30T23:14:10.376+0000] {manager.py:893} INFO - 
================================================================================
DAG File Processing Stats

File Path                               PID  Runtime      # DAGs    # Errors  Last Runtime    Last Run
------------------------------------  -----  ---------  --------  ----------  --------------  -------------------
/opt/airflow/dags/weather_etl_dag.py    276  0.01s             0           1  0.09s           2025-04-30T23:13:40
================================================================================
[2025-04-30T23:14:40.643+0000] {manager.py:893} INFO - 
================================================================================
DAG File Processing Stats

File Path                               PID  Runtime      # DAGs    # Errors  Last Runtime    Last Run
------------------------------------  -----  ---------  --------  ----------  --------------  -------------------
/opt/airflow/dags/weather_etl_dag.py    281  0.01s             0           1  0.08s           2025-04-30T23:14:10
================================================================================
[2025-04-30T23:15:10.851+0000] {manager.py:893} INFO - 
================================================================================
DAG File Processing Stats

File Path                               PID  Runtime      # DAGs    # Errors  Last Runtime    Last Run
------------------------------------  -----  ---------  --------  ----------  --------------  -------------------
/opt/airflow/dags/weather_etl_dag.py    286  0.01s             0           1  0.09s           2025-04-30T23:14:40
================================================================================
[2025-04-30T23:15:41.126+0000] {manager.py:893} INFO - 
================================================================================
DAG File Processing Stats

File Path                               PID  Runtime      # DAGs    # Errors  Last Runtime    Last Run
------------------------------------  -----  ---------  --------  ----------  --------------  -------------------
/opt/airflow/dags/weather_etl_dag.py    291  0.01s             0           1  0.08s           2025-04-30T23:15:10
================================================================================
[2025-04-30T23:16:11.358+0000] {manager.py:893} INFO - 
================================================================================
DAG File Processing Stats

File Path                               PID  Runtime      # DAGs    # Errors  Last Runtime    Last Run
------------------------------------  -----  ---------  --------  ----------  --------------  -------------------
/opt/airflow/dags/weather_etl_dag.py    296  0.01s             0           1  0.09s           2025-04-30T23:15:41
================================================================================
[2025-04-30T23:16:41.617+0000] {manager.py:893} INFO - 
================================================================================
DAG File Processing Stats

File Path                               PID  Runtime      # DAGs    # Errors  Last Runtime    Last Run
------------------------------------  -----  ---------  --------  ----------  --------------  -------------------
/opt/airflow/dags/weather_etl_dag.py    301  0.01s             0           1  0.12s           2025-04-30T23:16:11
================================================================================
[2025-04-30T23:17:11.859+0000] {manager.py:893} INFO - 
================================================================================
DAG File Processing Stats

File Path                               PID  Runtime      # DAGs    # Errors  Last Runtime    Last Run
------------------------------------  -----  ---------  --------  ----------  --------------  -------------------
/opt/airflow/dags/weather_etl_dag.py    306  0.01s             0           1  0.09s           2025-04-30T23:16:41
================================================================================
[2025-04-30T23:17:42.088+0000] {manager.py:893} INFO - 
================================================================================
DAG File Processing Stats

File Path                               PID  Runtime      # DAGs    # Errors  Last Runtime    Last Run
------------------------------------  -----  ---------  --------  ----------  --------------  -------------------
/opt/airflow/dags/weather_etl_dag.py    311  0.01s             0           1  0.10s           2025-04-30T23:17:11
================================================================================
[2025-04-30T23:18:12.322+0000] {manager.py:893} INFO - 
================================================================================
DAG File Processing Stats

File Path                               PID  Runtime      # DAGs    # Errors  Last Runtime    Last Run
------------------------------------  -----  ---------  --------  ----------  --------------  -------------------
/opt/airflow/dags/weather_etl_dag.py    316  0.01s             0           1  0.10s           2025-04-30T23:17:42
================================================================================
[2025-04-30T23:18:36.506+0000] {manager.py:759} INFO - Searching for files in /opt/airflow/dags
[2025-04-30T23:18:36.509+0000] {manager.py:762} INFO - There are 1 files in /opt/airflow/dags
[2025-04-30T23:18:42.583+0000] {manager.py:893} INFO - 
================================================================================
DAG File Processing Stats

File Path                               PID  Runtime      # DAGs    # Errors  Last Runtime    Last Run
------------------------------------  -----  ---------  --------  ----------  --------------  -------------------
/opt/airflow/dags/weather_etl_dag.py    321  0.01s             0           1  0.06s           2025-04-30T23:18:12
================================================================================
[2025-04-30T23:19:12.814+0000] {manager.py:893} INFO - 
================================================================================
DAG File Processing Stats

File Path                               PID  Runtime      # DAGs    # Errors  Last Runtime    Last Run
------------------------------------  -----  ---------  --------  ----------  --------------  -------------------
/opt/airflow/dags/weather_etl_dag.py    326  0.01s             0           1  0.08s           2025-04-30T23:18:42
================================================================================
[2025-04-30T23:19:43.056+0000] {manager.py:893} INFO - 
================================================================================
DAG File Processing Stats

File Path                               PID  Runtime      # DAGs    # Errors  Last Runtime    Last Run
------------------------------------  -----  ---------  --------  ----------  --------------  -------------------
/opt/airflow/dags/weather_etl_dag.py    331  0.00s             0           1  0.10s           2025-04-30T23:19:12
================================================================================
[2025-04-30T23:20:13.297+0000] {manager.py:893} INFO - 
================================================================================
DAG File Processing Stats

File Path                               PID  Runtime      # DAGs    # Errors  Last Runtime    Last Run
------------------------------------  -----  ---------  --------  ----------  --------------  -------------------
/opt/airflow/dags/weather_etl_dag.py    336  0.01s             0           1  0.07s           2025-04-30T23:19:43
================================================================================
[2025-04-30T23:20:43.499+0000] {manager.py:893} INFO - 
================================================================================
DAG File Processing Stats

File Path                               PID  Runtime      # DAGs    # Errors  Last Runtime    Last Run
------------------------------------  -----  ---------  --------  ----------  --------------  -------------------
/opt/airflow/dags/weather_etl_dag.py    341  0.00s             0           1  0.09s           2025-04-30T23:20:13
================================================================================
[2025-04-30T23:21:13.760+0000] {manager.py:893} INFO - 
================================================================================
DAG File Processing Stats

File Path                               PID  Runtime      # DAGs    # Errors  Last Runtime    Last Run
------------------------------------  -----  ---------  --------  ----------  --------------  -------------------
/opt/airflow/dags/weather_etl_dag.py    346  0.01s             0           1  0.06s           2025-04-30T23:20:43
================================================================================
[2025-04-30T23:21:43.973+0000] {manager.py:893} INFO - 
================================================================================
DAG File Processing Stats

File Path                               PID  Runtime      # DAGs    # Errors  Last Runtime    Last Run
------------------------------------  -----  ---------  --------  ----------  --------------  -------------------
/opt/airflow/dags/weather_etl_dag.py    351  0.01s             0           1  0.10s           2025-04-30T23:21:13
================================================================================
[2025-04-30T23:22:14.239+0000] {manager.py:893} INFO - 
================================================================================
DAG File Processing Stats

File Path                               PID  Runtime      # DAGs    # Errors  Last Runtime    Last Run
------------------------------------  -----  ---------  --------  ----------  --------------  -------------------
/opt/airflow/dags/weather_etl_dag.py    356  0.01s             0           1  0.11s           2025-04-30T23:21:44
================================================================================
[2025-04-30T23:22:44.458+0000] {manager.py:893} INFO - 
================================================================================
DAG File Processing Stats

File Path                               PID  Runtime      # DAGs    # Errors  Last Runtime    Last Run
------------------------------------  -----  ---------  --------  ----------  --------------  -------------------
/opt/airflow/dags/weather_etl_dag.py    361  0.01s             0           1  0.06s           2025-04-30T23:22:14
================================================================================
[2025-04-30T23:23:14.675+0000] {manager.py:893} INFO - 
================================================================================
DAG File Processing Stats

File Path                               PID  Runtime      # DAGs    # Errors  Last Runtime    Last Run
------------------------------------  -----  ---------  --------  ----------  --------------  -------------------
/opt/airflow/dags/weather_etl_dag.py    366  0.01s             0           1  0.07s           2025-04-30T23:22:44
================================================================================
[2025-04-30T23:23:36.857+0000] {manager.py:759} INFO - Searching for files in /opt/airflow/dags
[2025-04-30T23:23:36.858+0000] {manager.py:762} INFO - There are 1 files in /opt/airflow/dags
[2025-04-30T23:23:44.929+0000] {manager.py:893} INFO - 
================================================================================
DAG File Processing Stats

File Path                               PID  Runtime      # DAGs    # Errors  Last Runtime    Last Run
------------------------------------  -----  ---------  --------  ----------  --------------  -------------------
/opt/airflow/dags/weather_etl_dag.py    371  0.01s             0           1  0.10s           2025-04-30T23:23:14
================================================================================
[2025-04-30T23:24:15.171+0000] {manager.py:893} INFO - 
================================================================================
DAG File Processing Stats

File Path                               PID  Runtime      # DAGs    # Errors  Last Runtime    Last Run
------------------------------------  -----  ---------  --------  ----------  --------------  -------------------
/opt/airflow/dags/weather_etl_dag.py    376  0.01s             0           1  0.09s           2025-04-30T23:23:45
================================================================================
[2025-04-30T23:24:45.405+0000] {manager.py:893} INFO - 
================================================================================
DAG File Processing Stats

File Path                               PID  Runtime      # DAGs    # Errors  Last Runtime    Last Run
------------------------------------  -----  ---------  --------  ----------  --------------  -------------------
/opt/airflow/dags/weather_etl_dag.py    381  0.01s             0           1  0.11s           2025-04-30T23:24:15
================================================================================
[2025-04-30T23:25:15.666+0000] {manager.py:893} INFO - 
================================================================================
DAG File Processing Stats

File Path                               PID  Runtime      # DAGs    # Errors  Last Runtime    Last Run
------------------------------------  -----  ---------  --------  ----------  --------------  -------------------
/opt/airflow/dags/weather_etl_dag.py    386  0.00s             0           1  0.08s           2025-04-30T23:24:45
================================================================================
[2025-04-30T23:25:45.889+0000] {manager.py:893} INFO - 
================================================================================
DAG File Processing Stats

File Path                               PID  Runtime      # DAGs    # Errors  Last Runtime    Last Run
------------------------------------  -----  ---------  --------  ----------  --------------  -------------------
/opt/airflow/dags/weather_etl_dag.py    391  0.01s             0           1  0.06s           2025-04-30T23:25:15
================================================================================
[2025-04-30T23:26:16.106+0000] {manager.py:893} INFO - 
================================================================================
DAG File Processing Stats

File Path                               PID  Runtime      # DAGs    # Errors  Last Runtime    Last Run
------------------------------------  -----  ---------  --------  ----------  --------------  -------------------
/opt/airflow/dags/weather_etl_dag.py    396  0.01s             0           1  0.08s           2025-04-30T23:25:45
================================================================================
[2025-04-30T23:26:46.340+0000] {manager.py:893} INFO - 
================================================================================
DAG File Processing Stats

File Path                               PID  Runtime      # DAGs    # Errors  Last Runtime    Last Run
------------------------------------  -----  ---------  --------  ----------  --------------  -------------------
/opt/airflow/dags/weather_etl_dag.py    401  0.00s             0           1  0.09s           2025-04-30T23:26:16
================================================================================
[2025-04-30T23:27:16.591+0000] {manager.py:893} INFO - 
================================================================================
DAG File Processing Stats

File Path                               PID  Runtime      # DAGs    # Errors  Last Runtime    Last Run
------------------------------------  -----  ---------  --------  ----------  --------------  -------------------
/opt/airflow/dags/weather_etl_dag.py    406  0.01s             0           1  0.06s           2025-04-30T23:26:46
================================================================================
[2025-04-30T23:27:46.819+0000] {manager.py:893} INFO - 
================================================================================
DAG File Processing Stats

File Path                               PID  Runtime      # DAGs    # Errors  Last Runtime    Last Run
------------------------------------  -----  ---------  --------  ----------  --------------  -------------------
/opt/airflow/dags/weather_etl_dag.py    411  0.00s             0           1  0.07s           2025-04-30T23:27:16
================================================================================
[2025-04-30T23:28:17.038+0000] {manager.py:893} INFO - 
================================================================================
DAG File Processing Stats

File Path                               PID  Runtime      # DAGs    # Errors  Last Runtime    Last Run
------------------------------------  -----  ---------  --------  ----------  --------------  -------------------
/opt/airflow/dags/weather_etl_dag.py    416  0.01s             0           1  0.07s           2025-04-30T23:27:46
================================================================================
[2025-04-30T23:28:37.180+0000] {manager.py:759} INFO - Searching for files in /opt/airflow/dags
[2025-04-30T23:28:37.182+0000] {manager.py:762} INFO - There are 1 files in /opt/airflow/dags
[2025-04-30T23:28:47.258+0000] {manager.py:893} INFO - 
================================================================================
DAG File Processing Stats

File Path                               PID  Runtime      # DAGs    # Errors  Last Runtime    Last Run
------------------------------------  -----  ---------  --------  ----------  --------------  -------------------
/opt/airflow/dags/weather_etl_dag.py    421  0.01s             0           1  0.07s           2025-04-30T23:28:17
================================================================================
[2025-04-30T23:29:17.466+0000] {manager.py:893} INFO - 
================================================================================
DAG File Processing Stats

File Path                               PID  Runtime      # DAGs    # Errors  Last Runtime    Last Run
------------------------------------  -----  ---------  --------  ----------  --------------  -------------------
/opt/airflow/dags/weather_etl_dag.py    426  0.01s             0           1  0.06s           2025-04-30T23:28:47
================================================================================
[2025-04-30T23:29:47.704+0000] {manager.py:893} INFO - 
================================================================================
DAG File Processing Stats

File Path                               PID  Runtime      # DAGs    # Errors  Last Runtime    Last Run
------------------------------------  -----  ---------  --------  ----------  --------------  -------------------
/opt/airflow/dags/weather_etl_dag.py    431  0.01s             0           1  0.07s           2025-04-30T23:29:17
================================================================================
[2025-04-30T23:30:17.917+0000] {manager.py:893} INFO - 
================================================================================
DAG File Processing Stats

File Path                               PID  Runtime      # DAGs    # Errors  Last Runtime    Last Run
------------------------------------  -----  ---------  --------  ----------  --------------  -------------------
/opt/airflow/dags/weather_etl_dag.py    436  0.00s             0           1  0.10s           2025-04-30T23:29:47
================================================================================
[2025-04-30T23:30:48.121+0000] {manager.py:893} INFO - 
================================================================================
DAG File Processing Stats

File Path                               PID  Runtime      # DAGs    # Errors  Last Runtime    Last Run
------------------------------------  -----  ---------  --------  ----------  --------------  -------------------
/opt/airflow/dags/weather_etl_dag.py    441  0.01s             0           1  0.06s           2025-04-30T23:30:17
================================================================================
[2025-04-30T23:31:18.365+0000] {manager.py:893} INFO - 
================================================================================
DAG File Processing Stats

File Path                               PID  Runtime      # DAGs    # Errors  Last Runtime    Last Run
------------------------------------  -----  ---------  --------  ----------  --------------  -------------------
/opt/airflow/dags/weather_etl_dag.py    446  0.01s             0           1  0.09s           2025-04-30T23:30:48
================================================================================
[2025-04-30T23:31:48.620+0000] {manager.py:893} INFO - 
================================================================================
DAG File Processing Stats

File Path                               PID  Runtime      # DAGs    # Errors  Last Runtime    Last Run
------------------------------------  -----  ---------  --------  ----------  --------------  -------------------
/opt/airflow/dags/weather_etl_dag.py    451  0.01s             0           1  0.09s           2025-04-30T23:31:18
================================================================================
[2025-04-30T23:32:18.858+0000] {manager.py:893} INFO - 
================================================================================
DAG File Processing Stats

File Path                               PID  Runtime      # DAGs    # Errors  Last Runtime    Last Run
------------------------------------  -----  ---------  --------  ----------  --------------  -------------------
/opt/airflow/dags/weather_etl_dag.py    456  0.01s             0           1  0.10s           2025-04-30T23:31:48
================================================================================
[2025-04-30T23:32:49.089+0000] {manager.py:893} INFO - 
================================================================================
DAG File Processing Stats

File Path                               PID  Runtime      # DAGs    # Errors  Last Runtime    Last Run
------------------------------------  -----  ---------  --------  ----------  --------------  -------------------
/opt/airflow/dags/weather_etl_dag.py    461  0.01s             0           1  0.06s           2025-04-30T23:32:18
================================================================================
[2025-04-30T23:33:19.312+0000] {manager.py:893} INFO - 
================================================================================
DAG File Processing Stats

File Path                               PID  Runtime      # DAGs    # Errors  Last Runtime    Last Run
------------------------------------  -----  ---------  --------  ----------  --------------  -------------------
/opt/airflow/dags/weather_etl_dag.py    466  0.00s             0           1  0.07s           2025-04-30T23:32:49
================================================================================
[2025-04-30T23:33:37.449+0000] {manager.py:759} INFO - Searching for files in /opt/airflow/dags
[2025-04-30T23:33:37.451+0000] {manager.py:762} INFO - There are 1 files in /opt/airflow/dags
[2025-04-30T23:33:49.544+0000] {manager.py:893} INFO - 
================================================================================
DAG File Processing Stats

File Path                               PID  Runtime      # DAGs    # Errors  Last Runtime    Last Run
------------------------------------  -----  ---------  --------  ----------  --------------  -------------------
/opt/airflow/dags/weather_etl_dag.py    471  0.00s             0           1  0.06s           2025-04-30T23:33:19
================================================================================
[2025-04-30T23:34:19.759+0000] {manager.py:893} INFO - 
================================================================================
DAG File Processing Stats

File Path                               PID  Runtime      # DAGs    # Errors  Last Runtime    Last Run
------------------------------------  -----  ---------  --------  ----------  --------------  -------------------
/opt/airflow/dags/weather_etl_dag.py    476  0.01s             0           1  0.06s           2025-04-30T23:33:49
================================================================================
[2025-04-30T23:34:49.991+0000] {manager.py:893} INFO - 
================================================================================
DAG File Processing Stats

File Path                               PID  Runtime      # DAGs    # Errors  Last Runtime    Last Run
------------------------------------  -----  ---------  --------  ----------  --------------  -------------------
/opt/airflow/dags/weather_etl_dag.py    481  0.00s             0           1  0.09s           2025-04-30T23:34:19
================================================================================
[2025-04-30T23:35:20.214+0000] {manager.py:893} INFO - 
================================================================================
DAG File Processing Stats

File Path                               PID  Runtime      # DAGs    # Errors  Last Runtime    Last Run
------------------------------------  -----  ---------  --------  ----------  --------------  -------------------
/opt/airflow/dags/weather_etl_dag.py    486  0.00s             0           1  0.06s           2025-04-30T23:34:50
================================================================================
[2025-04-30T23:35:50.436+0000] {manager.py:893} INFO - 
================================================================================
DAG File Processing Stats

File Path                               PID  Runtime      # DAGs    # Errors  Last Runtime    Last Run
------------------------------------  -----  ---------  --------  ----------  --------------  -------------------
/opt/airflow/dags/weather_etl_dag.py    491  0.01s             0           1  0.06s           2025-04-30T23:35:20
================================================================================
[2025-04-30T23:36:20.645+0000] {manager.py:893} INFO - 
================================================================================
DAG File Processing Stats

File Path                               PID  Runtime      # DAGs    # Errors  Last Runtime    Last Run
------------------------------------  -----  ---------  --------  ----------  --------------  -------------------
/opt/airflow/dags/weather_etl_dag.py    496  0.01s             0           1  0.06s           2025-04-30T23:35:50
================================================================================
[2025-04-30T23:36:50.873+0000] {manager.py:893} INFO - 
================================================================================
DAG File Processing Stats

File Path                               PID  Runtime      # DAGs    # Errors  Last Runtime    Last Run
------------------------------------  -----  ---------  --------  ----------  --------------  -------------------
/opt/airflow/dags/weather_etl_dag.py    501  0.01s             0           1  0.06s           2025-04-30T23:36:20
================================================================================
[2025-04-30T23:37:21.100+0000] {manager.py:893} INFO - 
================================================================================
DAG File Processing Stats

File Path                               PID  Runtime      # DAGs    # Errors  Last Runtime    Last Run
------------------------------------  -----  ---------  --------  ----------  --------------  -------------------
/opt/airflow/dags/weather_etl_dag.py    506  0.01s             0           1  0.09s           2025-04-30T23:36:50
================================================================================
[2025-04-30T23:37:51.348+0000] {manager.py:893} INFO - 
================================================================================
DAG File Processing Stats

File Path                               PID  Runtime      # DAGs    # Errors  Last Runtime    Last Run
------------------------------------  -----  ---------  --------  ----------  --------------  -------------------
/opt/airflow/dags/weather_etl_dag.py    511  0.01s             0           1  0.08s           2025-04-30T23:37:21
================================================================================
[2025-04-30T23:38:21.579+0000] {manager.py:893} INFO - 
================================================================================
DAG File Processing Stats

File Path                               PID  Runtime      # DAGs    # Errors  Last Runtime    Last Run
------------------------------------  -----  ---------  --------  ----------  --------------  -------------------
/opt/airflow/dags/weather_etl_dag.py    516  0.01s             0           1  0.12s           2025-04-30T23:37:51
================================================================================
[2025-04-30T23:38:37.741+0000] {manager.py:759} INFO - Searching for files in /opt/airflow/dags
[2025-04-30T23:38:37.742+0000] {manager.py:762} INFO - There are 1 files in /opt/airflow/dags
[2025-04-30T23:38:51.857+0000] {manager.py:893} INFO - 
================================================================================
DAG File Processing Stats

File Path                               PID  Runtime      # DAGs    # Errors  Last Runtime    Last Run
------------------------------------  -----  ---------  --------  ----------  --------------  -------------------
/opt/airflow/dags/weather_etl_dag.py    521  0.00s             0           1  0.09s           2025-04-30T23:38:21
================================================================================
[2025-04-30T23:39:22.059+0000] {manager.py:893} INFO - 
================================================================================
DAG File Processing Stats

File Path                               PID  Runtime      # DAGs    # Errors  Last Runtime    Last Run
------------------------------------  -----  ---------  --------  ----------  --------------  -------------------
/opt/airflow/dags/weather_etl_dag.py    526  0.00s             0           1  0.06s           2025-04-30T23:38:51
================================================================================
[2025-04-30T23:39:52.311+0000] {manager.py:893} INFO - 
================================================================================
DAG File Processing Stats

File Path                               PID  Runtime      # DAGs    # Errors  Last Runtime    Last Run
------------------------------------  -----  ---------  --------  ----------  --------------  -------------------
/opt/airflow/dags/weather_etl_dag.py    531  0.01s             0           1  0.07s           2025-04-30T23:39:22
================================================================================
[2025-04-30T23:40:22.538+0000] {manager.py:893} INFO - 
================================================================================
DAG File Processing Stats

File Path                               PID  Runtime      # DAGs    # Errors  Last Runtime    Last Run
------------------------------------  -----  ---------  --------  ----------  --------------  -------------------
/opt/airflow/dags/weather_etl_dag.py    536  0.01s             0           1  0.08s           2025-04-30T23:39:52
================================================================================
[2025-04-30T23:40:52.790+0000] {manager.py:893} INFO - 
================================================================================
DAG File Processing Stats

File Path                               PID  Runtime      # DAGs    # Errors  Last Runtime    Last Run
------------------------------------  -----  ---------  --------  ----------  --------------  -------------------
/opt/airflow/dags/weather_etl_dag.py    541  0.01s             0           1  0.08s           2025-04-30T23:40:22
================================================================================
[2025-04-30T23:41:22.995+0000] {manager.py:893} INFO - 
================================================================================
DAG File Processing Stats

File Path                               PID  Runtime      # DAGs    # Errors  Last Runtime    Last Run
------------------------------------  -----  ---------  --------  ----------  --------------  -------------------
/opt/airflow/dags/weather_etl_dag.py    546  0.01s             0           1  0.09s           2025-04-30T23:40:52
================================================================================
[2025-04-30T23:41:53.255+0000] {manager.py:893} INFO - 
================================================================================
DAG File Processing Stats

File Path                               PID  Runtime      # DAGs    # Errors  Last Runtime    Last Run
------------------------------------  -----  ---------  --------  ----------  --------------  -------------------
/opt/airflow/dags/weather_etl_dag.py    551  0.01s             0           1  0.08s           2025-04-30T23:41:23
================================================================================
[2025-04-30T23:42:23.489+0000] {manager.py:893} INFO - 
================================================================================
DAG File Processing Stats

File Path                               PID  Runtime      # DAGs    # Errors  Last Runtime    Last Run
------------------------------------  -----  ---------  --------  ----------  --------------  -------------------
/opt/airflow/dags/weather_etl_dag.py    556  0.01s             0           1  0.08s           2025-04-30T23:41:53
================================================================================
[2025-04-30T23:42:53.736+0000] {manager.py:893} INFO - 
================================================================================
DAG File Processing Stats

File Path                               PID  Runtime      # DAGs    # Errors  Last Runtime    Last Run
------------------------------------  -----  ---------  --------  ----------  --------------  -------------------
/opt/airflow/dags/weather_etl_dag.py    561  0.00s             0           1  0.09s           2025-04-30T23:42:23
================================================================================
[2025-04-30T23:43:23.942+0000] {manager.py:893} INFO - 
================================================================================
DAG File Processing Stats

File Path                               PID  Runtime      # DAGs    # Errors  Last Runtime    Last Run
------------------------------------  -----  ---------  --------  ----------  --------------  -------------------
/opt/airflow/dags/weather_etl_dag.py    566  0.00s             0           1  0.06s           2025-04-30T23:42:53
================================================================================
[2025-04-30T23:43:38.053+0000] {manager.py:759} INFO - Searching for files in /opt/airflow/dags
[2025-04-30T23:43:38.055+0000] {manager.py:762} INFO - There are 1 files in /opt/airflow/dags
[2025-04-30T23:43:54.172+0000] {manager.py:893} INFO - 
================================================================================
DAG File Processing Stats

File Path                               PID  Runtime      # DAGs    # Errors  Last Runtime    Last Run
------------------------------------  -----  ---------  --------  ----------  --------------  -------------------
/opt/airflow/dags/weather_etl_dag.py    571  0.00s             0           1  0.06s           2025-04-30T23:43:23
================================================================================
[2025-04-30T23:44:24.386+0000] {manager.py:893} INFO - 
================================================================================
DAG File Processing Stats

File Path                               PID  Runtime      # DAGs    # Errors  Last Runtime    Last Run
------------------------------------  -----  ---------  --------  ----------  --------------  -------------------
/opt/airflow/dags/weather_etl_dag.py    576  0.01s             0           1  0.07s           2025-04-30T23:43:54
================================================================================
[2025-04-30T23:44:54.613+0000] {manager.py:893} INFO - 
================================================================================
DAG File Processing Stats

File Path                               PID  Runtime      # DAGs    # Errors  Last Runtime    Last Run
------------------------------------  -----  ---------  --------  ----------  --------------  -------------------
/opt/airflow/dags/weather_etl_dag.py    581  0.01s             0           1  0.08s           2025-04-30T23:44:24
================================================================================
[2025-04-30T23:45:24.836+0000] {manager.py:893} INFO - 
================================================================================
DAG File Processing Stats

File Path                               PID  Runtime      # DAGs    # Errors  Last Runtime    Last Run
------------------------------------  -----  ---------  --------  ----------  --------------  -------------------
/opt/airflow/dags/weather_etl_dag.py    586  0.01s             0           1  0.08s           2025-04-30T23:44:54
================================================================================
[2025-04-30T23:45:55.074+0000] {manager.py:893} INFO - 
================================================================================
DAG File Processing Stats

File Path                               PID  Runtime      # DAGs    # Errors  Last Runtime    Last Run
------------------------------------  -----  ---------  --------  ----------  --------------  -------------------
/opt/airflow/dags/weather_etl_dag.py    591  0.00s             0           1  0.13s           2025-04-30T23:45:24
================================================================================
[2025-04-30T23:46:25.324+0000] {manager.py:893} INFO - 
================================================================================
DAG File Processing Stats

File Path                               PID  Runtime      # DAGs    # Errors  Last Runtime    Last Run
------------------------------------  -----  ---------  --------  ----------  --------------  -------------------
/opt/airflow/dags/weather_etl_dag.py    596  0.01s             0           1  0.07s           2025-04-30T23:45:55
================================================================================
[2025-04-30T23:46:55.535+0000] {manager.py:893} INFO - 
================================================================================
DAG File Processing Stats

File Path                               PID  Runtime      # DAGs    # Errors  Last Runtime    Last Run
------------------------------------  -----  ---------  --------  ----------  --------------  -------------------
/opt/airflow/dags/weather_etl_dag.py    601  0.01s             0           1  0.07s           2025-04-30T23:46:25
================================================================================
[2025-04-30T23:47:25.764+0000] {manager.py:893} INFO - 
================================================================================
DAG File Processing Stats

File Path                               PID  Runtime      # DAGs    # Errors  Last Runtime    Last Run
------------------------------------  -----  ---------  --------  ----------  --------------  -------------------
/opt/airflow/dags/weather_etl_dag.py    606  0.01s             0           1  0.09s           2025-04-30T23:46:55
================================================================================
[2025-04-30T23:47:56.000+0000] {manager.py:893} INFO - 
================================================================================
DAG File Processing Stats

File Path                               PID  Runtime      # DAGs    # Errors  Last Runtime    Last Run
------------------------------------  -----  ---------  --------  ----------  --------------  -------------------
/opt/airflow/dags/weather_etl_dag.py    611  0.00s             0           1  0.07s           2025-04-30T23:47:25
================================================================================
[2025-04-30T23:48:26.218+0000] {manager.py:893} INFO - 
================================================================================
DAG File Processing Stats

File Path                               PID  Runtime      # DAGs    # Errors  Last Runtime    Last Run
------------------------------------  -----  ---------  --------  ----------  --------------  -------------------
/opt/airflow/dags/weather_etl_dag.py    616  0.01s             0           1  0.07s           2025-04-30T23:47:56
================================================================================
[2025-04-30T23:48:38.322+0000] {manager.py:759} INFO - Searching for files in /opt/airflow/dags
[2025-04-30T23:48:38.323+0000] {manager.py:762} INFO - There are 1 files in /opt/airflow/dags
[2025-04-30T23:48:56.461+0000] {manager.py:893} INFO - 
================================================================================
DAG File Processing Stats

File Path                               PID  Runtime      # DAGs    # Errors  Last Runtime    Last Run
------------------------------------  -----  ---------  --------  ----------  --------------  -------------------
/opt/airflow/dags/weather_etl_dag.py    621  0.01s             0           1  0.09s           2025-04-30T23:48:26
================================================================================
[2025-04-30T23:49:26.673+0000] {manager.py:893} INFO - 
================================================================================
DAG File Processing Stats

File Path                               PID  Runtime      # DAGs    # Errors  Last Runtime    Last Run
------------------------------------  -----  ---------  --------  ----------  --------------  -------------------
/opt/airflow/dags/weather_etl_dag.py    626  0.01s             0           1  0.08s           2025-04-30T23:48:56
================================================================================
[2025-04-30T23:49:56.932+0000] {manager.py:893} INFO - 
================================================================================
DAG File Processing Stats

File Path                               PID  Runtime      # DAGs    # Errors  Last Runtime    Last Run
------------------------------------  -----  ---------  --------  ----------  --------------  -------------------
/opt/airflow/dags/weather_etl_dag.py    631  0.01s             0           1  0.09s           2025-04-30T23:49:26
================================================================================
[2025-04-30T23:50:27.158+0000] {manager.py:893} INFO - 
================================================================================
DAG File Processing Stats

File Path                               PID  Runtime      # DAGs    # Errors  Last Runtime    Last Run
------------------------------------  -----  ---------  --------  ----------  --------------  -------------------
/opt/airflow/dags/weather_etl_dag.py    636  0.01s             0           1  0.08s           2025-04-30T23:49:57
================================================================================
[2025-04-30T23:50:57.392+0000] {manager.py:893} INFO - 
================================================================================
DAG File Processing Stats

File Path                               PID  Runtime      # DAGs    # Errors  Last Runtime    Last Run
------------------------------------  -----  ---------  --------  ----------  --------------  -------------------
/opt/airflow/dags/weather_etl_dag.py    641  0.00s             0           1  0.08s           2025-04-30T23:50:27
================================================================================
[2025-04-30T23:51:27.626+0000] {manager.py:893} INFO - 
================================================================================
DAG File Processing Stats

File Path                               PID  Runtime      # DAGs    # Errors  Last Runtime    Last Run
------------------------------------  -----  ---------  --------  ----------  --------------  -------------------
/opt/airflow/dags/weather_etl_dag.py    646  0.01s             0           1  0.06s           2025-04-30T23:50:57
================================================================================
[2025-04-30T23:51:57.833+0000] {manager.py:893} INFO - 
================================================================================
DAG File Processing Stats

File Path                               PID  Runtime      # DAGs    # Errors  Last Runtime    Last Run
------------------------------------  -----  ---------  --------  ----------  --------------  -------------------
/opt/airflow/dags/weather_etl_dag.py    651  0.00s             0           1  0.06s           2025-04-30T23:51:27
================================================================================
[2025-04-30T23:52:28.051+0000] {manager.py:893} INFO - 
================================================================================
DAG File Processing Stats

File Path                               PID  Runtime      # DAGs    # Errors  Last Runtime    Last Run
------------------------------------  -----  ---------  --------  ----------  --------------  -------------------
/opt/airflow/dags/weather_etl_dag.py    656  0.00s             0           1  0.06s           2025-04-30T23:51:57
================================================================================
[2025-04-30T23:52:58.269+0000] {manager.py:893} INFO - 
================================================================================
DAG File Processing Stats

File Path                               PID  Runtime      # DAGs    # Errors  Last Runtime    Last Run
------------------------------------  -----  ---------  --------  ----------  --------------  -------------------
/opt/airflow/dags/weather_etl_dag.py    661  0.00s             0           1  0.09s           2025-04-30T23:52:28
================================================================================
[2025-04-30T23:53:28.526+0000] {manager.py:893} INFO - 
================================================================================
DAG File Processing Stats

File Path                               PID  Runtime      # DAGs    # Errors  Last Runtime    Last Run
------------------------------------  -----  ---------  --------  ----------  --------------  -------------------
/opt/airflow/dags/weather_etl_dag.py    666  0.00s             0           1  0.06s           2025-04-30T23:52:58
================================================================================
[2025-04-30T23:53:38.602+0000] {manager.py:759} INFO - Searching for files in /opt/airflow/dags
[2025-04-30T23:53:38.604+0000] {manager.py:762} INFO - There are 1 files in /opt/airflow/dags
[2025-04-30T23:53:58.763+0000] {manager.py:893} INFO - 
================================================================================
DAG File Processing Stats

File Path                               PID  Runtime      # DAGs    # Errors  Last Runtime    Last Run
------------------------------------  -----  ---------  --------  ----------  --------------  -------------------
/opt/airflow/dags/weather_etl_dag.py    671  0.01s             0           1  0.06s           2025-04-30T23:53:28
================================================================================
[2025-04-30T23:54:28.961+0000] {manager.py:893} INFO - 
================================================================================
DAG File Processing Stats

File Path                               PID  Runtime      # DAGs    # Errors  Last Runtime    Last Run
------------------------------------  -----  ---------  --------  ----------  --------------  -------------------
/opt/airflow/dags/weather_etl_dag.py    676  0.00s             0           1  0.06s           2025-04-30T23:53:58
================================================================================
[2025-04-30T23:54:59.192+0000] {manager.py:893} INFO - 
================================================================================
DAG File Processing Stats

File Path                               PID  Runtime      # DAGs    # Errors  Last Runtime    Last Run
------------------------------------  -----  ---------  --------  ----------  --------------  -------------------
/opt/airflow/dags/weather_etl_dag.py    681  0.01s             0           1  0.06s           2025-04-30T23:54:29
================================================================================
[2025-04-30T23:55:29.406+0000] {manager.py:893} INFO - 
================================================================================
DAG File Processing Stats

File Path                               PID  Runtime      # DAGs    # Errors  Last Runtime    Last Run
------------------------------------  -----  ---------  --------  ----------  --------------  -------------------
/opt/airflow/dags/weather_etl_dag.py    686  0.01s             0           1  0.07s           2025-04-30T23:54:59
================================================================================
[2025-04-30T23:55:59.657+0000] {manager.py:893} INFO - 
================================================================================
DAG File Processing Stats

File Path                               PID  Runtime      # DAGs    # Errors  Last Runtime    Last Run
------------------------------------  -----  ---------  --------  ----------  --------------  -------------------
/opt/airflow/dags/weather_etl_dag.py    691  0.01s             0           1  0.09s           2025-04-30T23:55:29
================================================================================
[2025-04-30T23:56:29.895+0000] {manager.py:893} INFO - 
================================================================================
DAG File Processing Stats

File Path                               PID  Runtime      # DAGs    # Errors  Last Runtime    Last Run
------------------------------------  -----  ---------  --------  ----------  --------------  -------------------
/opt/airflow/dags/weather_etl_dag.py    696  0.01s             0           1  0.08s           2025-04-30T23:55:59
================================================================================
[2025-04-30T23:57:00.123+0000] {manager.py:893} INFO - 
================================================================================
DAG File Processing Stats

File Path                               PID  Runtime      # DAGs    # Errors  Last Runtime    Last Run
------------------------------------  -----  ---------  --------  ----------  --------------  -------------------
/opt/airflow/dags/weather_etl_dag.py    701  0.01s             0           1  0.08s           2025-04-30T23:56:29
================================================================================
[2025-04-30T23:57:30.345+0000] {manager.py:893} INFO - 
================================================================================
DAG File Processing Stats

File Path                               PID  Runtime      # DAGs    # Errors  Last Runtime    Last Run
------------------------------------  -----  ---------  --------  ----------  --------------  -------------------
/opt/airflow/dags/weather_etl_dag.py    706  0.01s             0           1  0.08s           2025-04-30T23:57:00
================================================================================
[2025-04-30T23:58:00.577+0000] {manager.py:893} INFO - 
================================================================================
DAG File Processing Stats

File Path                               PID  Runtime      # DAGs    # Errors  Last Runtime    Last Run
------------------------------------  -----  ---------  --------  ----------  --------------  -------------------
/opt/airflow/dags/weather_etl_dag.py    711  0.01s             0           1  0.09s           2025-04-30T23:57:30
================================================================================
[2025-04-30T23:58:30.819+0000] {manager.py:893} INFO - 
================================================================================
DAG File Processing Stats

File Path                               PID  Runtime      # DAGs    # Errors  Last Runtime    Last Run
------------------------------------  -----  ---------  --------  ----------  --------------  -------------------
/opt/airflow/dags/weather_etl_dag.py    716  0.00s             0           1  0.06s           2025-04-30T23:58:00
================================================================================
[2025-04-30T23:58:38.879+0000] {manager.py:759} INFO - Searching for files in /opt/airflow/dags
[2025-04-30T23:58:38.881+0000] {manager.py:762} INFO - There are 1 files in /opt/airflow/dags
[2025-04-30T23:58:49.957+0000] {manager.py:1145} WARNING - Skipping processing of missing file: /opt/airflow/dags/weather_etl_dag.py
[2025-05-01T00:02:54.482+0000] {manager.py:469} INFO - Exiting gracefully upon receiving signal 15
[2025-05-01T00:03:09.145+0000] {manager.py:487} INFO - Processing files using up to 2 processes at a time 
[2025-05-01T00:03:09.146+0000] {manager.py:488} INFO - Process each file at most once every 30 seconds
[2025-05-01T00:03:09.147+0000] {manager.py:489} INFO - Checking for new files in /opt/airflow/dags every 300 seconds
[2025-05-01T00:03:09.147+0000] {manager.py:759} INFO - Searching for files in /opt/airflow/dags
[2025-05-01T00:03:09.149+0000] {manager.py:762} INFO - There are 1 files in /opt/airflow/dags
[2025-05-01T00:03:09.316+0000] {manager.py:893} INFO - 
================================================================================
DAG File Processing Stats

File Path                           PID  Runtime      # DAGs    # Errors  Last Runtime    Last Run
--------------------------------  -----  ---------  --------  ----------  --------------  ----------
/opt/airflow/dags/cep_etl_dag.py    177  0.08s             0           0
================================================================================
[2025-05-01T00:03:39.513+0000] {manager.py:893} INFO - 
================================================================================
DAG File Processing Stats

File Path                           PID  Runtime      # DAGs    # Errors  Last Runtime    Last Run
--------------------------------  -----  ---------  --------  ----------  --------------  -------------------
/opt/airflow/dags/cep_etl_dag.py    190  0.01s             0           1  0.10s           2025-05-01T00:03:09
================================================================================
[2025-05-01T00:04:09.739+0000] {manager.py:893} INFO - 
================================================================================
DAG File Processing Stats

File Path                         PID    Runtime      # DAGs    # Errors  Last Runtime    Last Run
--------------------------------  -----  ---------  --------  ----------  --------------  -------------------
/opt/airflow/dags/cep_etl_dag.py                           0           1  0.08s           2025-05-01T00:03:52
================================================================================
[2025-05-01T00:04:26.541+0000] {manager.py:469} INFO - Exiting gracefully upon receiving signal 15
[2025-05-01T00:04:39.100+0000] {manager.py:487} INFO - Processing files using up to 2 processes at a time 
[2025-05-01T00:04:39.100+0000] {manager.py:488} INFO - Process each file at most once every 30 seconds
[2025-05-01T00:04:39.100+0000] {manager.py:489} INFO - Checking for new files in /opt/airflow/dags every 300 seconds
[2025-05-01T00:04:39.101+0000] {manager.py:759} INFO - Searching for files in /opt/airflow/dags
[2025-05-01T00:04:39.102+0000] {manager.py:762} INFO - There are 1 files in /opt/airflow/dags
[2025-05-01T00:04:39.237+0000] {manager.py:893} INFO - 
================================================================================
DAG File Processing Stats

File Path                           PID  Runtime      # DAGs    # Errors  Last Runtime    Last Run
--------------------------------  -----  ---------  --------  ----------  --------------  ----------
/opt/airflow/dags/cep_etl_dag.py    170  0.07s             0           0
================================================================================
[2025-05-01T00:05:09.441+0000] {manager.py:893} INFO - 
================================================================================
DAG File Processing Stats

File Path                           PID  Runtime      # DAGs    # Errors  Last Runtime    Last Run
--------------------------------  -----  ---------  --------  ----------  --------------  -------------------
/opt/airflow/dags/cep_etl_dag.py    196  0.01s             0           1  0.10s           2025-05-01T00:04:39
================================================================================
[2025-05-01T00:05:39.677+0000] {manager.py:893} INFO - 
================================================================================
DAG File Processing Stats

File Path                         PID    Runtime      # DAGs    # Errors  Last Runtime    Last Run
--------------------------------  -----  ---------  --------  ----------  --------------  -------------------
/opt/airflow/dags/cep_etl_dag.py                           0           1  0.09s           2025-05-01T00:05:29
================================================================================
[2025-05-01T00:11:23.105+0000] {manager.py:487} INFO - Processing files using up to 2 processes at a time 
[2025-05-01T00:11:23.107+0000] {manager.py:488} INFO - Process each file at most once every 30 seconds
[2025-05-01T00:11:23.108+0000] {manager.py:489} INFO - Checking for new files in /opt/airflow/dags every 300 seconds
[2025-05-01T00:11:23.108+0000] {manager.py:759} INFO - Searching for files in /opt/airflow/dags
[2025-05-01T00:11:23.110+0000] {manager.py:762} INFO - There are 1 files in /opt/airflow/dags
[2025-05-01T00:11:23.241+0000] {manager.py:893} INFO - 
================================================================================
DAG File Processing Stats

File Path                           PID  Runtime      # DAGs    # Errors  Last Runtime    Last Run
--------------------------------  -----  ---------  --------  ----------  --------------  ----------
/opt/airflow/dags/cep_etl_dag.py    170  0.06s             0           0
================================================================================
[2025-05-01T00:11:53.423+0000] {manager.py:893} INFO - 
================================================================================
DAG File Processing Stats

File Path                         PID    Runtime      # DAGs    # Errors  Last Runtime    Last Run
--------------------------------  -----  ---------  --------  ----------  --------------  -------------------
/opt/airflow/dags/cep_etl_dag.py                           1           0  3.23s           2025-05-01T00:11:26
================================================================================
[2025-05-01T00:12:23.646+0000] {manager.py:893} INFO - 
================================================================================
DAG File Processing Stats

File Path                         PID    Runtime      # DAGs    # Errors  Last Runtime    Last Run
--------------------------------  -----  ---------  --------  ----------  --------------  -------------------
/opt/airflow/dags/cep_etl_dag.py                           1           0  1.03s           2025-05-01T00:11:57
================================================================================
[2025-05-01T00:12:53.876+0000] {manager.py:893} INFO - 
================================================================================
DAG File Processing Stats

File Path                         PID    Runtime      # DAGs    # Errors  Last Runtime    Last Run
--------------------------------  -----  ---------  --------  ----------  --------------  -------------------
/opt/airflow/dags/cep_etl_dag.py                           1           0  1.14s           2025-05-01T00:12:28
================================================================================
[2025-05-01T00:13:24.108+0000] {manager.py:893} INFO - 
================================================================================
DAG File Processing Stats

File Path                         PID    Runtime      # DAGs    # Errors  Last Runtime    Last Run
--------------------------------  -----  ---------  --------  ----------  --------------  -------------------
/opt/airflow/dags/cep_etl_dag.py                           1           0  1.04s           2025-05-01T00:12:59
================================================================================
[2025-05-01T00:13:54.340+0000] {manager.py:893} INFO - 
================================================================================
DAG File Processing Stats

File Path                         PID    Runtime      # DAGs    # Errors  Last Runtime    Last Run
--------------------------------  -----  ---------  --------  ----------  --------------  -------------------
/opt/airflow/dags/cep_etl_dag.py                           1           0  1.10s           2025-05-01T00:13:31
================================================================================
[2025-05-01T00:14:24.620+0000] {manager.py:893} INFO - 
================================================================================
DAG File Processing Stats

File Path                         PID    Runtime      # DAGs    # Errors  Last Runtime    Last Run
--------------------------------  -----  ---------  --------  ----------  --------------  -------------------
/opt/airflow/dags/cep_etl_dag.py                           1           0  1.10s           2025-05-01T00:14:02
================================================================================
[2025-05-01T00:14:54.899+0000] {manager.py:893} INFO - 
================================================================================
DAG File Processing Stats

File Path                         PID    Runtime      # DAGs    # Errors  Last Runtime    Last Run
--------------------------------  -----  ---------  --------  ----------  --------------  -------------------
/opt/airflow/dags/cep_etl_dag.py                           1           0  0.87s           2025-05-01T00:14:33
================================================================================
[2025-05-01T00:15:25.139+0000] {manager.py:893} INFO - 
================================================================================
DAG File Processing Stats

File Path                         PID    Runtime      # DAGs    # Errors  Last Runtime    Last Run
--------------------------------  -----  ---------  --------  ----------  --------------  -------------------
/opt/airflow/dags/cep_etl_dag.py                           1           0  1.10s           2025-05-01T00:15:05
================================================================================
[2025-05-01T00:15:55.283+0000] {manager.py:893} INFO - 
================================================================================
DAG File Processing Stats

File Path                         PID    Runtime      # DAGs    # Errors  Last Runtime    Last Run
--------------------------------  -----  ---------  --------  ----------  --------------  -------------------
/opt/airflow/dags/cep_etl_dag.py                           1           0  0.94s           2025-05-01T00:15:36
================================================================================
[2025-05-01T00:16:23.377+0000] {manager.py:759} INFO - Searching for files in /opt/airflow/dags
[2025-05-01T00:16:23.378+0000] {manager.py:762} INFO - There are 1 files in /opt/airflow/dags
[2025-05-01T00:16:25.410+0000] {manager.py:893} INFO - 
================================================================================
DAG File Processing Stats

File Path                         PID    Runtime      # DAGs    # Errors  Last Runtime    Last Run
--------------------------------  -----  ---------  --------  ----------  --------------  -------------------
/opt/airflow/dags/cep_etl_dag.py                           1           0  0.91s           2025-05-01T00:16:07
================================================================================
[2025-05-01T00:16:55.771+0000] {manager.py:893} INFO - 
================================================================================
DAG File Processing Stats

File Path                         PID    Runtime      # DAGs    # Errors  Last Runtime    Last Run
--------------------------------  -----  ---------  --------  ----------  --------------  -------------------
/opt/airflow/dags/cep_etl_dag.py                           1           0  0.59s           2025-05-01T00:16:38
================================================================================
[2025-05-01T00:17:25.941+0000] {manager.py:893} INFO - 
================================================================================
DAG File Processing Stats

File Path                         PID    Runtime      # DAGs    # Errors  Last Runtime    Last Run
--------------------------------  -----  ---------  --------  ----------  --------------  -------------------
/opt/airflow/dags/cep_etl_dag.py                           1           0  0.55s           2025-05-01T00:17:08
================================================================================
[2025-05-01T00:17:56.575+0000] {manager.py:893} INFO - 
================================================================================
DAG File Processing Stats

File Path                         PID    Runtime      # DAGs    # Errors  Last Runtime    Last Run
--------------------------------  -----  ---------  --------  ----------  --------------  -------------------
/opt/airflow/dags/cep_etl_dag.py                           1           0  0.72s           2025-05-01T00:17:39
================================================================================
[2025-05-01T00:18:26.598+0000] {manager.py:893} INFO - 
================================================================================
DAG File Processing Stats

File Path                         PID    Runtime      # DAGs    # Errors  Last Runtime    Last Run
--------------------------------  -----  ---------  --------  ----------  --------------  -------------------
/opt/airflow/dags/cep_etl_dag.py                           1           0  0.56s           2025-05-01T00:18:10
================================================================================
[2025-05-01T00:18:57.239+0000] {manager.py:893} INFO - 
================================================================================
DAG File Processing Stats

File Path                         PID    Runtime      # DAGs    # Errors  Last Runtime    Last Run
--------------------------------  -----  ---------  --------  ----------  --------------  -------------------
/opt/airflow/dags/cep_etl_dag.py                           1           0  0.65s           2025-05-01T00:18:41
================================================================================
[2025-05-01T00:19:27.627+0000] {manager.py:893} INFO - 
================================================================================
DAG File Processing Stats

File Path                         PID    Runtime      # DAGs    # Errors  Last Runtime    Last Run
--------------------------------  -----  ---------  --------  ----------  --------------  -------------------
/opt/airflow/dags/cep_etl_dag.py                           1           0  0.56s           2025-05-01T00:19:12
================================================================================
[2025-05-01T00:19:57.802+0000] {manager.py:893} INFO - 
================================================================================
DAG File Processing Stats

File Path                         PID    Runtime      # DAGs    # Errors  Last Runtime    Last Run
--------------------------------  -----  ---------  --------  ----------  --------------  -------------------
/opt/airflow/dags/cep_etl_dag.py                           1           0  0.57s           2025-05-01T00:19:42
================================================================================
[2025-05-01T00:20:28.097+0000] {manager.py:893} INFO - 
================================================================================
DAG File Processing Stats

File Path                         PID    Runtime      # DAGs    # Errors  Last Runtime    Last Run
--------------------------------  -----  ---------  --------  ----------  --------------  -------------------
/opt/airflow/dags/cep_etl_dag.py                           1           0  0.62s           2025-05-01T00:20:13
================================================================================
[2025-05-01T00:20:58.295+0000] {manager.py:893} INFO - 
================================================================================
DAG File Processing Stats

File Path                         PID    Runtime      # DAGs    # Errors  Last Runtime    Last Run
--------------------------------  -----  ---------  --------  ----------  --------------  -------------------
/opt/airflow/dags/cep_etl_dag.py                           1           0  0.56s           2025-05-01T00:20:44
================================================================================
[2025-05-01T00:21:23.490+0000] {manager.py:759} INFO - Searching for files in /opt/airflow/dags
[2025-05-01T00:21:23.492+0000] {manager.py:762} INFO - There are 1 files in /opt/airflow/dags
[2025-05-01T00:21:28.539+0000] {manager.py:893} INFO - 
================================================================================
DAG File Processing Stats

File Path                         PID    Runtime      # DAGs    # Errors  Last Runtime    Last Run
--------------------------------  -----  ---------  --------  ----------  --------------  -------------------
/opt/airflow/dags/cep_etl_dag.py                           1           0  0.55s           2025-05-01T00:21:14
================================================================================
[2025-05-01T00:21:58.720+0000] {manager.py:893} INFO - 
================================================================================
DAG File Processing Stats

File Path                         PID    Runtime      # DAGs    # Errors  Last Runtime    Last Run
--------------------------------  -----  ---------  --------  ----------  --------------  -------------------
/opt/airflow/dags/cep_etl_dag.py                           1           0  0.62s           2025-05-01T00:21:45
================================================================================
[2025-05-01T00:22:29.013+0000] {manager.py:893} INFO - 
================================================================================
DAG File Processing Stats

File Path                         PID    Runtime      # DAGs    # Errors  Last Runtime    Last Run
--------------------------------  -----  ---------  --------  ----------  --------------  -------------------
/opt/airflow/dags/cep_etl_dag.py                           1           0  0.72s           2025-05-01T00:22:16
================================================================================
[2025-05-01T00:22:59.149+0000] {manager.py:893} INFO - 
================================================================================
DAG File Processing Stats

File Path                         PID    Runtime      # DAGs    # Errors  Last Runtime    Last Run
--------------------------------  -----  ---------  --------  ----------  --------------  -------------------
/opt/airflow/dags/cep_etl_dag.py                           1           0  0.67s           2025-05-01T00:22:47
================================================================================
[2025-05-01T00:23:29.240+0000] {manager.py:893} INFO - 
================================================================================
DAG File Processing Stats

File Path                         PID    Runtime      # DAGs    # Errors  Last Runtime    Last Run
--------------------------------  -----  ---------  --------  ----------  --------------  -------------------
/opt/airflow/dags/cep_etl_dag.py                           1           0  0.66s           2025-05-01T00:23:18
================================================================================
[2025-05-01T00:23:59.738+0000] {manager.py:893} INFO - 
================================================================================
DAG File Processing Stats

File Path                         PID    Runtime      # DAGs    # Errors  Last Runtime    Last Run
--------------------------------  -----  ---------  --------  ----------  --------------  -------------------
/opt/airflow/dags/cep_etl_dag.py                           1           0  0.74s           2025-05-01T00:23:49
================================================================================
[2025-05-01T00:24:30.350+0000] {manager.py:893} INFO - 
================================================================================
DAG File Processing Stats

File Path                         PID    Runtime      # DAGs    # Errors  Last Runtime    Last Run
--------------------------------  -----  ---------  --------  ----------  --------------  -------------------
/opt/airflow/dags/cep_etl_dag.py                           1           0  1.31s           2025-05-01T00:24:20
================================================================================
[2025-05-01T00:25:00.527+0000] {manager.py:893} INFO - 
================================================================================
DAG File Processing Stats

File Path                         PID    Runtime      # DAGs    # Errors  Last Runtime    Last Run
--------------------------------  -----  ---------  --------  ----------  --------------  -------------------
/opt/airflow/dags/cep_etl_dag.py                           1           0  0.74s           2025-05-01T00:24:51
================================================================================
[2025-05-01T00:25:30.743+0000] {manager.py:893} INFO - 
================================================================================
DAG File Processing Stats

File Path                         PID    Runtime      # DAGs    # Errors  Last Runtime    Last Run
--------------------------------  -----  ---------  --------  ----------  --------------  -------------------
/opt/airflow/dags/cep_etl_dag.py                           1           0  0.59s           2025-05-01T00:25:22
================================================================================
[2025-05-01T00:26:00.937+0000] {manager.py:893} INFO - 
================================================================================
DAG File Processing Stats

File Path                         PID    Runtime      # DAGs    # Errors  Last Runtime    Last Run
--------------------------------  -----  ---------  --------  ----------  --------------  -------------------
/opt/airflow/dags/cep_etl_dag.py                           1           0  0.74s           2025-05-01T00:25:53
================================================================================
[2025-05-01T00:26:24.078+0000] {manager.py:759} INFO - Searching for files in /opt/airflow/dags
[2025-05-01T00:26:24.081+0000] {manager.py:762} INFO - There are 1 files in /opt/airflow/dags
[2025-05-01T00:26:31.153+0000] {manager.py:893} INFO - 
================================================================================
DAG File Processing Stats

File Path                         PID    Runtime      # DAGs    # Errors  Last Runtime    Last Run
--------------------------------  -----  ---------  --------  ----------  --------------  -------------------
/opt/airflow/dags/cep_etl_dag.py                           1           0  0.68s           2025-05-01T00:26:24
================================================================================
[2025-05-01T00:27:01.621+0000] {manager.py:893} INFO - 
================================================================================
DAG File Processing Stats

File Path                         PID    Runtime      # DAGs    # Errors  Last Runtime    Last Run
--------------------------------  -----  ---------  --------  ----------  --------------  -------------------
/opt/airflow/dags/cep_etl_dag.py                           1           0  0.67s           2025-05-01T00:26:54
================================================================================
[2025-05-01T00:27:31.814+0000] {manager.py:893} INFO - 
================================================================================
DAG File Processing Stats

File Path                         PID    Runtime      # DAGs    # Errors  Last Runtime    Last Run
--------------------------------  -----  ---------  --------  ----------  --------------  -------------------
/opt/airflow/dags/cep_etl_dag.py                           1           0  0.85s           2025-05-01T00:27:25
================================================================================
[2025-05-01T00:28:01.995+0000] {manager.py:893} INFO - 
================================================================================
DAG File Processing Stats

File Path                         PID    Runtime      # DAGs    # Errors  Last Runtime    Last Run
--------------------------------  -----  ---------  --------  ----------  --------------  -------------------
/opt/airflow/dags/cep_etl_dag.py                           1           0  1.01s           2025-05-01T00:27:57
================================================================================
[2025-05-01T00:28:32.105+0000] {manager.py:893} INFO - 
================================================================================
DAG File Processing Stats

File Path                         PID    Runtime      # DAGs    # Errors  Last Runtime    Last Run
--------------------------------  -----  ---------  --------  ----------  --------------  -------------------
/opt/airflow/dags/cep_etl_dag.py                           1           0  0.71s           2025-05-01T00:28:28
================================================================================
[2025-05-01T00:29:02.563+0000] {manager.py:893} INFO - 
================================================================================
DAG File Processing Stats

File Path                         PID    Runtime      # DAGs    # Errors  Last Runtime    Last Run
--------------------------------  -----  ---------  --------  ----------  --------------  -------------------
/opt/airflow/dags/cep_etl_dag.py                           1           0  0.75s           2025-05-01T00:28:59
================================================================================
[2025-05-01T00:29:32.746+0000] {manager.py:893} INFO - 
================================================================================
DAG File Processing Stats

File Path                         PID    Runtime      # DAGs    # Errors  Last Runtime    Last Run
--------------------------------  -----  ---------  --------  ----------  --------------  -------------------
/opt/airflow/dags/cep_etl_dag.py                           1           0  0.65s           2025-05-01T00:29:29
================================================================================
[2025-05-01T00:30:03.011+0000] {manager.py:893} INFO - 
================================================================================
DAG File Processing Stats

File Path                         PID    Runtime      # DAGs    # Errors  Last Runtime    Last Run
--------------------------------  -----  ---------  --------  ----------  --------------  -------------------
/opt/airflow/dags/cep_etl_dag.py                           1           0  0.66s           2025-05-01T00:30:00
================================================================================
[2025-05-01T00:30:33.195+0000] {manager.py:893} INFO - 
================================================================================
DAG File Processing Stats

File Path                         PID    Runtime      # DAGs    # Errors  Last Runtime    Last Run
--------------------------------  -----  ---------  --------  ----------  --------------  -------------------
/opt/airflow/dags/cep_etl_dag.py                           1           0  1.08s           2025-05-01T00:30:29
================================================================================
[2025-05-01T00:31:03.424+0000] {manager.py:893} INFO - 
================================================================================
DAG File Processing Stats

File Path                         PID    Runtime      # DAGs    # Errors  Last Runtime    Last Run
--------------------------------  -----  ---------  --------  ----------  --------------  -------------------
/opt/airflow/dags/cep_etl_dag.py                           1           0  0.64s           2025-05-01T00:30:59
================================================================================
[2025-05-01T00:31:24.144+0000] {manager.py:759} INFO - Searching for files in /opt/airflow/dags
[2025-05-01T00:31:24.146+0000] {manager.py:762} INFO - There are 1 files in /opt/airflow/dags
[2025-05-01T00:31:33.624+0000] {manager.py:893} INFO - 
================================================================================
DAG File Processing Stats

File Path                         PID    Runtime      # DAGs    # Errors  Last Runtime    Last Run
--------------------------------  -----  ---------  --------  ----------  --------------  -------------------
/opt/airflow/dags/cep_etl_dag.py                           1           0  0.77s           2025-05-01T00:31:30
================================================================================
[2025-05-01T00:32:03.823+0000] {manager.py:893} INFO - 
================================================================================
DAG File Processing Stats

File Path                         PID    Runtime      # DAGs    # Errors  Last Runtime    Last Run
--------------------------------  -----  ---------  --------  ----------  --------------  -------------------
/opt/airflow/dags/cep_etl_dag.py                           1           0  0.78s           2025-05-01T00:32:01
================================================================================
[2025-05-01T00:32:34.148+0000] {manager.py:893} INFO - 
================================================================================
DAG File Processing Stats

File Path                         PID    Runtime      # DAGs    # Errors  Last Runtime    Last Run
--------------------------------  -----  ---------  --------  ----------  --------------  -------------------
/opt/airflow/dags/cep_etl_dag.py                           1           0  0.74s           2025-05-01T00:32:32
================================================================================
[2025-05-01T00:33:04.331+0000] {manager.py:893} INFO - 
================================================================================
DAG File Processing Stats

File Path                         PID    Runtime      # DAGs    # Errors  Last Runtime    Last Run
--------------------------------  -----  ---------  --------  ----------  --------------  -------------------
/opt/airflow/dags/cep_etl_dag.py                           1           0  0.71s           2025-05-01T00:33:03
================================================================================
[2025-05-01T00:33:34.529+0000] {manager.py:893} INFO - 
================================================================================
DAG File Processing Stats

File Path                           PID  Runtime      # DAGs    # Errors  Last Runtime    Last Run
--------------------------------  -----  ---------  --------  ----------  --------------  -------------------
/opt/airflow/dags/cep_etl_dag.py    457  0.68s             1           0  0.71s           2025-05-01T00:33:03
================================================================================
[2025-05-01T00:34:04.744+0000] {manager.py:893} INFO - 
================================================================================
DAG File Processing Stats

File Path                           PID  Runtime      # DAGs    # Errors  Last Runtime    Last Run
--------------------------------  -----  ---------  --------  ----------  --------------  -------------------
/opt/airflow/dags/cep_etl_dag.py    463  0.01s             1           0  0.77s           2025-05-01T00:33:34
================================================================================
[2025-05-01T00:34:35.005+0000] {manager.py:893} INFO - 
================================================================================
DAG File Processing Stats

File Path                         PID    Runtime      # DAGs    # Errors  Last Runtime    Last Run
--------------------------------  -----  ---------  --------  ----------  --------------  -------------------
/opt/airflow/dags/cep_etl_dag.py                           1           0  0.77s           2025-05-01T00:34:05
================================================================================
[2025-05-01T00:35:05.195+0000] {manager.py:893} INFO - 
================================================================================
DAG File Processing Stats

File Path                         PID    Runtime      # DAGs    # Errors  Last Runtime    Last Run
--------------------------------  -----  ---------  --------  ----------  --------------  -------------------
/opt/airflow/dags/cep_etl_dag.py                           1           0  0.79s           2025-05-01T00:34:36
================================================================================
[2025-05-01T00:35:35.388+0000] {manager.py:893} INFO - 
================================================================================
DAG File Processing Stats

File Path                         PID    Runtime      # DAGs    # Errors  Last Runtime    Last Run
--------------------------------  -----  ---------  --------  ----------  --------------  -------------------
/opt/airflow/dags/cep_etl_dag.py                           1           0  0.71s           2025-05-01T00:35:07
================================================================================
[2025-05-01T00:36:05.747+0000] {manager.py:893} INFO - 
================================================================================
DAG File Processing Stats

File Path                         PID    Runtime      # DAGs    # Errors  Last Runtime    Last Run
--------------------------------  -----  ---------  --------  ----------  --------------  -------------------
/opt/airflow/dags/cep_etl_dag.py                           1           0  0.77s           2025-05-01T00:35:38
================================================================================
[2025-05-01T00:36:24.870+0000] {manager.py:759} INFO - Searching for files in /opt/airflow/dags
[2025-05-01T00:36:24.872+0000] {manager.py:762} INFO - There are 1 files in /opt/airflow/dags
[2025-05-01T00:36:35.961+0000] {manager.py:893} INFO - 
================================================================================
DAG File Processing Stats

File Path                         PID    Runtime      # DAGs    # Errors  Last Runtime    Last Run
--------------------------------  -----  ---------  --------  ----------  --------------  -------------------
/opt/airflow/dags/cep_etl_dag.py                           1           0  0.63s           2025-05-01T00:36:08
================================================================================
[2025-05-01T00:37:06.240+0000] {manager.py:893} INFO - 
================================================================================
DAG File Processing Stats

File Path                         PID    Runtime      # DAGs    # Errors  Last Runtime    Last Run
--------------------------------  -----  ---------  --------  ----------  --------------  -------------------
/opt/airflow/dags/cep_etl_dag.py                           1           0  0.90s           2025-05-01T00:36:55
================================================================================
[2025-05-01T00:37:30.230+0000] {manager.py:469} INFO - Exiting gracefully upon receiving signal 15
[2025-05-01T00:37:41.005+0000] {manager.py:487} INFO - Processing files using up to 2 processes at a time 
[2025-05-01T00:37:41.013+0000] {manager.py:488} INFO - Process each file at most once every 30 seconds
[2025-05-01T00:37:41.013+0000] {manager.py:489} INFO - Checking for new files in /opt/airflow/dags every 300 seconds
[2025-05-01T00:37:41.013+0000] {manager.py:759} INFO - Searching for files in /opt/airflow/dags
[2025-05-01T00:37:41.015+0000] {manager.py:762} INFO - There are 1 files in /opt/airflow/dags
[2025-05-01T00:37:41.149+0000] {manager.py:893} INFO - 
================================================================================
DAG File Processing Stats

File Path                           PID  Runtime      # DAGs    # Errors  Last Runtime    Last Run
--------------------------------  -----  ---------  --------  ----------  --------------  ----------
/opt/airflow/dags/cep_etl_dag.py    170  0.08s             0           0
================================================================================
[2025-05-01T00:38:11.332+0000] {manager.py:893} INFO - 
================================================================================
DAG File Processing Stats

File Path                         PID    Runtime      # DAGs    # Errors  Last Runtime    Last Run
--------------------------------  -----  ---------  --------  ----------  --------------  -------------------
/opt/airflow/dags/cep_etl_dag.py                           1           0  1.18s           2025-05-01T00:37:42
================================================================================
[2025-05-01T00:38:41.588+0000] {manager.py:893} INFO - 
================================================================================
DAG File Processing Stats

File Path                         PID    Runtime      # DAGs    # Errors  Last Runtime    Last Run
--------------------------------  -----  ---------  --------  ----------  --------------  -------------------
/opt/airflow/dags/cep_etl_dag.py                           1           0  0.67s           2025-05-01T00:38:13
================================================================================
[2025-05-01T00:39:12.385+0000] {manager.py:893} INFO - 
================================================================================
DAG File Processing Stats

File Path                         PID    Runtime      # DAGs    # Errors  Last Runtime    Last Run
--------------------------------  -----  ---------  --------  ----------  --------------  -------------------
/opt/airflow/dags/cep_etl_dag.py                           1           0  1.05s           2025-05-01T00:38:44
================================================================================
[2025-05-01T00:39:42.580+0000] {manager.py:893} INFO - 
================================================================================
DAG File Processing Stats

File Path                         PID    Runtime      # DAGs    # Errors  Last Runtime    Last Run
--------------------------------  -----  ---------  --------  ----------  --------------  -------------------
/opt/airflow/dags/cep_etl_dag.py                           1           0  0.77s           2025-05-01T00:39:15
================================================================================
[2025-05-01T00:40:12.768+0000] {manager.py:893} INFO - 
================================================================================
DAG File Processing Stats

File Path                         PID    Runtime      # DAGs    # Errors  Last Runtime    Last Run
--------------------------------  -----  ---------  --------  ----------  --------------  -------------------
/opt/airflow/dags/cep_etl_dag.py                           1           0  0.66s           2025-05-01T00:39:46
================================================================================
[2025-05-01T00:40:43.411+0000] {manager.py:893} INFO - 
================================================================================
DAG File Processing Stats

File Path                         PID    Runtime      # DAGs    # Errors  Last Runtime    Last Run
--------------------------------  -----  ---------  --------  ----------  --------------  -------------------
/opt/airflow/dags/cep_etl_dag.py                           1           0  1.24s           2025-05-01T00:40:17
================================================================================
[2025-05-01T00:41:13.587+0000] {manager.py:893} INFO - 
================================================================================
DAG File Processing Stats

File Path                         PID    Runtime      # DAGs    # Errors  Last Runtime    Last Run
--------------------------------  -----  ---------  --------  ----------  --------------  -------------------
/opt/airflow/dags/cep_etl_dag.py                           1           0  0.76s           2025-05-01T00:40:48
================================================================================
[2025-05-01T00:41:43.996+0000] {manager.py:893} INFO - 
================================================================================
DAG File Processing Stats

File Path                         PID    Runtime      # DAGs    # Errors  Last Runtime    Last Run
--------------------------------  -----  ---------  --------  ----------  --------------  -------------------
/opt/airflow/dags/cep_etl_dag.py                           1           0  0.76s           2025-05-01T00:41:19
================================================================================
[2025-05-01T00:42:14.171+0000] {manager.py:893} INFO - 
================================================================================
DAG File Processing Stats

File Path                         PID    Runtime      # DAGs    # Errors  Last Runtime    Last Run
--------------------------------  -----  ---------  --------  ----------  --------------  -------------------
/opt/airflow/dags/cep_etl_dag.py                           1           0  0.74s           2025-05-01T00:41:50
================================================================================
[2025-05-01T00:42:41.337+0000] {manager.py:759} INFO - Searching for files in /opt/airflow/dags
[2025-05-01T00:42:41.339+0000] {manager.py:762} INFO - There are 1 files in /opt/airflow/dags
[2025-05-01T00:42:44.376+0000] {manager.py:893} INFO - 
================================================================================
DAG File Processing Stats

File Path                         PID    Runtime      # DAGs    # Errors  Last Runtime    Last Run
--------------------------------  -----  ---------  --------  ----------  --------------  -------------------
/opt/airflow/dags/cep_etl_dag.py                           1           0  0.82s           2025-05-01T00:42:21
================================================================================
[2025-05-01T00:43:14.690+0000] {manager.py:893} INFO - 
================================================================================
DAG File Processing Stats

File Path                         PID    Runtime      # DAGs    # Errors  Last Runtime    Last Run
--------------------------------  -----  ---------  --------  ----------  --------------  -------------------
/opt/airflow/dags/cep_etl_dag.py                           1           0  0.92s           2025-05-01T00:42:52
================================================================================
[2025-05-01T00:43:44.952+0000] {manager.py:893} INFO - 
================================================================================
DAG File Processing Stats

File Path                         PID    Runtime      # DAGs    # Errors  Last Runtime    Last Run
--------------------------------  -----  ---------  --------  ----------  --------------  -------------------
/opt/airflow/dags/cep_etl_dag.py                           1           0  0.75s           2025-05-01T00:43:23
================================================================================
[2025-05-01T00:44:15.137+0000] {manager.py:893} INFO - 
================================================================================
DAG File Processing Stats

File Path                         PID    Runtime      # DAGs    # Errors  Last Runtime    Last Run
--------------------------------  -----  ---------  --------  ----------  --------------  -------------------
/opt/airflow/dags/cep_etl_dag.py                           1           0  0.69s           2025-05-01T00:43:54
================================================================================
[2025-05-01T00:44:45.249+0000] {manager.py:893} INFO - 
================================================================================
DAG File Processing Stats

File Path                         PID    Runtime      # DAGs    # Errors  Last Runtime    Last Run
--------------------------------  -----  ---------  --------  ----------  --------------  -------------------
/opt/airflow/dags/cep_etl_dag.py                           1           0  0.56s           2025-05-01T00:44:25
================================================================================
[2025-05-01T00:45:15.887+0000] {manager.py:893} INFO - 
================================================================================
DAG File Processing Stats

File Path                         PID    Runtime      # DAGs    # Errors  Last Runtime    Last Run
--------------------------------  -----  ---------  --------  ----------  --------------  -------------------
/opt/airflow/dags/cep_etl_dag.py                           1           0  0.77s           2025-05-01T00:44:56
================================================================================
[2025-05-01T00:45:46.066+0000] {manager.py:893} INFO - 
================================================================================
DAG File Processing Stats

File Path                         PID    Runtime      # DAGs    # Errors  Last Runtime    Last Run
--------------------------------  -----  ---------  --------  ----------  --------------  -------------------
/opt/airflow/dags/cep_etl_dag.py                           1           0  0.75s           2025-05-01T00:45:27
================================================================================
[2025-05-01T00:46:16.271+0000] {manager.py:893} INFO - 
================================================================================
DAG File Processing Stats

File Path                         PID    Runtime      # DAGs    # Errors  Last Runtime    Last Run
--------------------------------  -----  ---------  --------  ----------  --------------  -------------------
/opt/airflow/dags/cep_etl_dag.py                           1           0  0.79s           2025-05-01T00:45:57
================================================================================
[2025-05-01T00:46:46.447+0000] {manager.py:893} INFO - 
================================================================================
DAG File Processing Stats

File Path                         PID    Runtime      # DAGs    # Errors  Last Runtime    Last Run
--------------------------------  -----  ---------  --------  ----------  --------------  -------------------
/opt/airflow/dags/cep_etl_dag.py                           1           0  0.60s           2025-05-01T00:46:28
================================================================================
[2025-05-01T00:47:16.590+0000] {manager.py:893} INFO - 
================================================================================
DAG File Processing Stats

File Path                         PID    Runtime      # DAGs    # Errors  Last Runtime    Last Run
--------------------------------  -----  ---------  --------  ----------  --------------  -------------------
/opt/airflow/dags/cep_etl_dag.py                           1           0  0.58s           2025-05-01T00:46:59
================================================================================
[2025-05-01T00:47:41.441+0000] {manager.py:759} INFO - Searching for files in /opt/airflow/dags
[2025-05-01T00:47:41.443+0000] {manager.py:762} INFO - There are 1 files in /opt/airflow/dags
[2025-05-01T00:47:47.203+0000] {manager.py:893} INFO - 
================================================================================
DAG File Processing Stats

File Path                         PID    Runtime      # DAGs    # Errors  Last Runtime    Last Run
--------------------------------  -----  ---------  --------  ----------  --------------  -------------------
/opt/airflow/dags/cep_etl_dag.py                           1           0  0.71s           2025-05-01T00:47:30
================================================================================
[2025-05-01T00:48:17.253+0000] {manager.py:893} INFO - 
================================================================================
DAG File Processing Stats

File Path                         PID    Runtime      # DAGs    # Errors  Last Runtime    Last Run
--------------------------------  -----  ---------  --------  ----------  --------------  -------------------
/opt/airflow/dags/cep_etl_dag.py                           1           0  0.59s           2025-05-01T00:48:01
================================================================================
[2025-05-01T00:48:47.457+0000] {manager.py:893} INFO - 
================================================================================
DAG File Processing Stats

File Path                         PID    Runtime      # DAGs    # Errors  Last Runtime    Last Run
--------------------------------  -----  ---------  --------  ----------  --------------  -------------------
/opt/airflow/dags/cep_etl_dag.py                           1           0  1.21s           2025-05-01T00:48:32
================================================================================
[2025-05-01T00:49:17.823+0000] {manager.py:893} INFO - 
================================================================================
DAG File Processing Stats

File Path                         PID    Runtime      # DAGs    # Errors  Last Runtime    Last Run
--------------------------------  -----  ---------  --------  ----------  --------------  -------------------
/opt/airflow/dags/cep_etl_dag.py                           1           0  0.77s           2025-05-01T00:49:03
================================================================================
[2025-05-01T00:49:47.997+0000] {manager.py:893} INFO - 
================================================================================
DAG File Processing Stats

File Path                         PID    Runtime      # DAGs    # Errors  Last Runtime    Last Run
--------------------------------  -----  ---------  --------  ----------  --------------  -------------------
/opt/airflow/dags/cep_etl_dag.py                           1           0  0.81s           2025-05-01T00:49:34
================================================================================
[2025-05-01T00:50:18.186+0000] {manager.py:893} INFO - 
================================================================================
DAG File Processing Stats

File Path                         PID    Runtime      # DAGs    # Errors  Last Runtime    Last Run
--------------------------------  -----  ---------  --------  ----------  --------------  -------------------
/opt/airflow/dags/cep_etl_dag.py                           1           0  0.65s           2025-05-01T00:50:05
================================================================================
[2025-05-01T00:50:48.396+0000] {manager.py:893} INFO - 
================================================================================
DAG File Processing Stats

File Path                         PID    Runtime      # DAGs    # Errors  Last Runtime    Last Run
--------------------------------  -----  ---------  --------  ----------  --------------  -------------------
/opt/airflow/dags/cep_etl_dag.py                           1           0  0.57s           2025-05-01T00:50:35
================================================================================
[2025-05-01T00:51:18.563+0000] {manager.py:893} INFO - 
================================================================================
DAG File Processing Stats

File Path                         PID    Runtime      # DAGs    # Errors  Last Runtime    Last Run
--------------------------------  -----  ---------  --------  ----------  --------------  -------------------
/opt/airflow/dags/cep_etl_dag.py                           1           0  0.88s           2025-05-01T00:51:06
================================================================================
[2025-05-01T00:51:48.751+0000] {manager.py:893} INFO - 
================================================================================
DAG File Processing Stats

File Path                         PID    Runtime      # DAGs    # Errors  Last Runtime    Last Run
--------------------------------  -----  ---------  --------  ----------  --------------  -------------------
/opt/airflow/dags/cep_etl_dag.py                           1           0  0.88s           2025-05-01T00:51:38
================================================================================
[2025-05-01T00:52:18.940+0000] {manager.py:893} INFO - 
================================================================================
DAG File Processing Stats

File Path                         PID    Runtime      # DAGs    # Errors  Last Runtime    Last Run
--------------------------------  -----  ---------  --------  ----------  --------------  -------------------
/opt/airflow/dags/cep_etl_dag.py                           1           0  0.77s           2025-05-01T00:52:08
================================================================================
[2025-05-01T00:52:41.800+0000] {manager.py:759} INFO - Searching for files in /opt/airflow/dags
[2025-05-01T00:52:41.802+0000] {manager.py:762} INFO - There are 1 files in /opt/airflow/dags
[2025-05-01T00:52:49.193+0000] {manager.py:893} INFO - 
================================================================================
DAG File Processing Stats

File Path                         PID    Runtime      # DAGs    # Errors  Last Runtime    Last Run
--------------------------------  -----  ---------  --------  ----------  --------------  -------------------
/opt/airflow/dags/cep_etl_dag.py                           1           0  0.72s           2025-05-01T00:52:39
================================================================================
[2025-05-01T00:53:19.377+0000] {manager.py:893} INFO - 
================================================================================
DAG File Processing Stats

File Path                         PID    Runtime      # DAGs    # Errors  Last Runtime    Last Run
--------------------------------  -----  ---------  --------  ----------  --------------  -------------------
/opt/airflow/dags/cep_etl_dag.py                           1           0  0.73s           2025-05-01T00:53:10
================================================================================
[2025-05-01T00:53:49.572+0000] {manager.py:893} INFO - 
================================================================================
DAG File Processing Stats

File Path                         PID    Runtime      # DAGs    # Errors  Last Runtime    Last Run
--------------------------------  -----  ---------  --------  ----------  --------------  -------------------
/opt/airflow/dags/cep_etl_dag.py                           1           0  0.61s           2025-05-01T00:53:41
================================================================================
[2025-05-01T00:54:19.769+0000] {manager.py:893} INFO - 
================================================================================
DAG File Processing Stats

File Path                         PID    Runtime      # DAGs    # Errors  Last Runtime    Last Run
--------------------------------  -----  ---------  --------  ----------  --------------  -------------------
/opt/airflow/dags/cep_etl_dag.py                           1           0  0.81s           2025-05-01T00:54:12
================================================================================
[2025-05-01T00:54:49.958+0000] {manager.py:893} INFO - 
================================================================================
DAG File Processing Stats

File Path                         PID    Runtime      # DAGs    # Errors  Last Runtime    Last Run
--------------------------------  -----  ---------  --------  ----------  --------------  -------------------
/opt/airflow/dags/cep_etl_dag.py                           1           0  0.63s           2025-05-01T00:54:43
================================================================================
[2025-05-01T00:55:20.133+0000] {manager.py:893} INFO - 
================================================================================
DAG File Processing Stats

File Path                         PID    Runtime      # DAGs    # Errors  Last Runtime    Last Run
--------------------------------  -----  ---------  --------  ----------  --------------  -------------------
/opt/airflow/dags/cep_etl_dag.py                           1           0  0.75s           2025-05-01T00:55:14
================================================================================
